"FishID","GEN","GenRKM","Region","min_time","year"
"Yuba_2021-001","Releasepoint",278.318,"Yuba R",2021-05-21 21:22:20,2021
"Yuba_2021-002","Releasepoint",278.318,"Yuba R",2021-05-21 21:22:20,2021
"Yuba_2021-003","Releasepoint",278.318,"Yuba R",2021-05-21 21:22:20,2021
"Yuba_2021-004","Releasepoint",278.318,"Yuba R",2021-05-21 21:22:20,2021
"Yuba_2021-005","Releasepoint",278.318,"Yuba R",2021-05-21 21:22:20,2021
"Yuba_2021-006","Releasepoint",278.318,"Yuba R",2021-05-21 21:22:20,2021
"Yuba_2021-007","Releasepoint",278.318,"Yuba R",2021-05-21 21:22:20,2021
"Yuba_2021-008","Releasepoint",278.318,"Yuba R",2021-05-21 21:22:20,2021
"Yuba_2021-009","Releasepoint",278.318,"Yuba R",2021-05-21 21:22:20,2021
"Yuba_2021-010","Releasepoint",278.318,"Yuba R",2021-05-21 21:22:20,2021
"Yuba_2021-011","Releasepoint",278.318,"Yuba R",2021-05-21 21:22:20,2021
"Yuba_2021-012","Releasepoint",278.318,"Yuba R",2021-05-21 21:22:20,2021
"Yuba_2021-013","Releasepoint",278.318,"Yuba R",2021-05-21 21:22:20,2021
"Yuba_2021-014","Releasepoint",278.318,"Yuba R",2021-05-21 21:22:20,2021
"Yuba_2021-015","Releasepoint",278.318,"Yuba R",2021-05-21 21:22:20,2021
"Yuba_2021-016","Releasepoint",278.318,"Yuba R",2021-05-21 21:22:20,2021
"Yuba_2021-017","Releasepoint",278.318,"Yuba R",2021-05-21 21:22:20,2021
"Yuba_2021-018","Releasepoint",278.318,"Yuba R",2021-05-21 21:22:20,2021
"Yuba_2021-019","Releasepoint",278.318,"Yuba R",2021-05-21 21:22:20,2021
"Yuba_2021-020","Releasepoint",278.318,"Yuba R",2021-05-21 21:22:20,2021
"Yuba_2021-021","Releasepoint",278.318,"Yuba R",2021-05-21 21:22:20,2021
"Yuba_2021-022","Releasepoint",278.318,"Yuba R",2021-05-21 21:22:20,2021
"Yuba_2021-023","Releasepoint",278.318,"Yuba R",2021-05-21 21:22:20,2021
"Yuba_2021-024","Releasepoint",278.318,"Yuba R",2021-05-21 21:22:20,2021
"Yuba_2021-025","Releasepoint",278.318,"Yuba R",2021-05-21 21:22:20,2021
"Yuba_2021-026","Releasepoint",278.318,"Yuba R",2021-05-21 21:22:20,2021
"Yuba_2021-027","Releasepoint",278.318,"Yuba R",2021-05-21 21:22:20,2021
"Yuba_2021-028","Releasepoint",278.318,"Yuba R",2021-05-21 21:22:20,2021
"Yuba_2021-029","Releasepoint",278.318,"Yuba R",2021-05-21 21:22:20,2021
"Yuba_2021-030","Releasepoint",278.318,"Yuba R",2021-05-21 21:22:20,2021
"Yuba_2021-031","Releasepoint",278.318,"Yuba R",2021-05-21 21:22:20,2021
"Yuba_2021-032","Releasepoint",278.318,"Yuba R",2021-05-21 21:22:20,2021
"Yuba_2021-033","Releasepoint",278.318,"Yuba R",2021-05-21 21:22:20,2021
"Yuba_2021-034","Releasepoint",278.318,"Yuba R",2021-05-21 21:22:20,2021
"Yuba_2021-035","Releasepoint",278.318,"Yuba R",2021-05-21 21:22:20,2021
"Yuba_2021-036","Releasepoint",278.318,"Yuba R",2021-05-21 21:22:20,2021
"Yuba_2021-037","Releasepoint",278.318,"Yuba R",2021-05-21 21:22:20,2021
"Yuba_2021-038","Releasepoint",278.318,"Yuba R",2021-05-21 21:22:20,2021
"Yuba_2021-039","Releasepoint",278.318,"Yuba R",2021-05-21 21:22:20,2021
"Yuba_2021-040","Releasepoint",278.318,"Yuba R",2021-05-21 21:22:20,2021
"Yuba_2021-041","Releasepoint",278.318,"Yuba R",2021-05-21 21:22:20,2021
"Yuba_2021-042","Releasepoint",278.318,"Yuba R",2021-05-21 21:22:20,2021
"Yuba_2021-043","Releasepoint",278.318,"Yuba R",2021-05-21 21:22:20,2021
"Yuba_2021-044","Releasepoint",278.318,"Yuba R",2021-05-21 21:22:20,2021
"Yuba_2021-045","Releasepoint",278.318,"Yuba R",2021-05-21 21:22:20,2021
"Yuba_2021-046","Releasepoint",278.318,"Yuba R",2021-05-21 21:22:20,2021
"Yuba_2021-047","Releasepoint",278.318,"Yuba R",2021-05-21 21:22:20,2021
"Yuba_2021-048","Releasepoint",278.318,"Yuba R",2021-05-21 21:22:20,2021
"Yuba_2021-049","Releasepoint",278.318,"Yuba R",2021-05-21 21:22:20,2021
"Yuba_2021-050","Releasepoint",278.318,"Yuba R",2021-05-21 21:22:20,2021
"Yuba_2021-051","Releasepoint",278.318,"Yuba R",2021-05-21 21:22:20,2021
"Yuba_2021-052","Releasepoint",278.318,"Yuba R",2021-05-21 21:22:20,2021
"Yuba_2021-053","Releasepoint",278.318,"Yuba R",2021-05-21 21:22:20,2021
"Yuba_2021-054","Releasepoint",278.318,"Yuba R",2021-05-21 21:22:20,2021
"Yuba_2021-055","Releasepoint",278.318,"Yuba R",2021-05-21 21:22:20,2021
"Yuba_2021-056","Releasepoint",278.318,"Yuba R",2021-05-21 21:22:20,2021
"Yuba_2021-057","Releasepoint",278.318,"Yuba R",2021-05-21 21:22:20,2021
"Yuba_2021-058","Releasepoint",278.318,"Yuba R",2021-05-21 21:22:20,2021
"Yuba_2021-059","Releasepoint",278.318,"Yuba R",2021-05-21 21:22:20,2021
"Yuba_2021-060","Releasepoint",278.318,"Yuba R",2021-05-21 21:22:20,2021
"Yuba_2021-061","Releasepoint",278.318,"Yuba R",2021-05-21 21:22:20,2021
"Yuba_2021-062","Releasepoint",278.318,"Yuba R",2021-05-21 21:22:20,2021
"Yuba_2021-063","Releasepoint",278.318,"Yuba R",2021-05-21 21:22:20,2021
"Yuba_2021-064","Releasepoint",278.318,"Yuba R",2021-05-21 21:22:20,2021
"Yuba_2021-065","Releasepoint",278.318,"Yuba R",2021-05-21 21:22:20,2021
"Yuba_2021-066","Releasepoint",278.318,"Yuba R",2021-05-21 21:22:20,2021
"Yuba_2021-067","Releasepoint",278.318,"Yuba R",2021-05-21 21:22:20,2021
"Yuba_2021-068","Releasepoint",278.318,"Yuba R",2021-05-21 21:22:20,2021
"Yuba_2021-070","Releasepoint",278.318,"Yuba R",2021-05-21 21:22:20,2021
"Yuba_2021-071","Releasepoint",278.318,"Yuba R",2021-05-21 21:22:20,2021
"Yuba_2021-072","Releasepoint",278.318,"Yuba R",2021-05-21 21:22:20,2021
"Yuba_2021-074","Releasepoint",278.318,"Yuba R",2021-05-21 21:22:20,2021
"Yuba_2021-075","Releasepoint",278.318,"Yuba R",2021-05-21 21:22:20,2021
"Yuba_2021-076","Releasepoint",278.318,"Yuba R",2021-05-21 21:22:20,2021
"Yuba_2021-077","Releasepoint",278.318,"Yuba R",2021-05-21 21:22:20,2021
"Yuba_2021-078","Releasepoint",278.318,"Yuba R",2021-05-21 21:22:20,2021
"Yuba_2021-079","Releasepoint",278.318,"Yuba R",2021-05-21 21:22:20,2021
"Yuba_2021-080","Releasepoint",278.318,"Yuba R",2021-05-21 21:22:20,2021
"Yuba_2021-081","Releasepoint",278.318,"Yuba R",2021-05-21 21:22:20,2021
"Yuba_2021-082","Releasepoint",278.318,"Yuba R",2021-05-21 21:22:20,2021
"Yuba_2021-083","Releasepoint",278.318,"Yuba R",2021-05-21 21:22:20,2021
"Yuba_2021-084","Releasepoint",278.318,"Yuba R",2021-05-21 21:22:20,2021
"Yuba_2021-085","Releasepoint",278.318,"Yuba R",2021-05-21 21:22:20,2021
"Yuba_2021-086","Releasepoint",278.318,"Yuba R",2021-05-21 21:22:20,2021
"Yuba_2021-087","Releasepoint",278.318,"Yuba R",2021-05-21 21:22:20,2021
"Yuba_2021-088","Releasepoint",278.318,"Yuba R",2021-05-21 21:22:20,2021
"Yuba_2021-089","Releasepoint",278.318,"Yuba R",2021-05-21 21:22:20,2021
"Yuba_2021-090","Releasepoint",278.318,"Yuba R",2021-05-21 21:22:20,2021
"Yuba_2021-091","Releasepoint",278.318,"Yuba R",2021-05-21 21:22:20,2021
"Yuba_2021-092","Releasepoint",278.318,"Yuba R",2021-05-21 21:22:20,2021
"Yuba_2021-093","Releasepoint",278.318,"Yuba R",2021-05-21 21:22:20,2021
"Yuba_2021-094","Releasepoint",278.318,"Yuba R",2021-05-21 21:22:20,2021
"Yuba_2021-095","Releasepoint",278.318,"Yuba R",2021-05-21 21:22:20,2021
"Yuba_2021-096","Releasepoint",278.318,"Yuba R",2021-05-21 21:22:20,2021
"Yuba_2021-097","Releasepoint",278.318,"Yuba R",2021-05-21 21:22:20,2021
"Yuba_2021-098","Releasepoint",278.318,"Yuba R",2021-05-21 21:22:20,2021
"Yuba_2021-099","Releasepoint",278.318,"Yuba R",2021-05-21 21:22:20,2021
"Yuba_2021-100","Releasepoint",278.318,"Yuba R",2021-05-21 21:22:20,2021
"Yuba_2021-101","Releasepoint",278.318,"Yuba R",2021-05-21 21:22:20,2021
"Yuba_2021-102","Releasepoint",278.318,"Yuba R",2021-05-21 21:22:20,2021
"Yuba_2021-103","Releasepoint",278.318,"Yuba R",2021-05-21 21:22:20,2021
"Yuba_2021-104","Releasepoint",278.318,"Yuba R",2021-05-21 21:22:20,2021
"Yuba_2021-105","Releasepoint",278.318,"Yuba R",2021-05-21 21:22:20,2021
"Yuba_2021-106","Releasepoint",278.318,"Yuba R",2021-05-21 21:22:20,2021
"Yuba_2021-107","Releasepoint",278.318,"Yuba R",2021-05-21 21:22:20,2021
"Yuba_2021-108","Releasepoint",278.318,"Yuba R",2021-05-21 21:22:20,2021
"Yuba_2021-109","Releasepoint",278.318,"Yuba R",2021-05-21 21:22:20,2021
"Yuba_2021-110","Releasepoint",278.318,"Yuba R",2021-05-21 21:22:20,2021
"Yuba_2021-111","Releasepoint",278.318,"Yuba R",2021-05-21 21:22:20,2021
"Yuba_2021-112","Releasepoint",278.318,"Yuba R",2021-05-21 21:22:20,2021
"Yuba_2021-113","Releasepoint",278.318,"Yuba R",2021-05-21 21:22:20,2021
"Yuba_2021-114","Releasepoint",278.318,"Yuba R",2021-05-21 21:22:20,2021
"Yuba_2021-115","Releasepoint",278.318,"Yuba R",2021-05-21 21:22:20,2021
"Yuba_2021-116","Releasepoint",278.318,"Yuba R",2021-05-21 21:22:20,2021
"Yuba_2021-117","Releasepoint",278.318,"Yuba R",2021-05-21 21:22:20,2021
"Yuba_2021-118","Releasepoint",278.318,"Yuba R",2021-05-21 21:22:20,2021
"Yuba_2021-119","Releasepoint",278.318,"Yuba R",2021-05-21 21:22:20,2021
"Yuba_2021-120","Releasepoint",278.318,"Yuba R",2021-05-21 21:22:20,2021
"Yuba_2021-121","Releasepoint",278.318,"Yuba R",2021-05-21 21:22:20,2021
"Yuba_2021-122","Releasepoint",278.318,"Yuba R",2021-05-21 21:22:20,2021
"Yuba_2021-123","Releasepoint",278.318,"Yuba R",2021-05-21 21:22:20,2021
"Yuba_2021-124","Releasepoint",278.318,"Yuba R",2021-05-21 21:22:20,2021
"Yuba_2021-125","Releasepoint",278.318,"Yuba R",2021-05-21 21:22:20,2021
"Yuba_2021-126","Releasepoint",278.318,"Yuba R",2021-05-21 21:22:20,2021
"Yuba_2021-127","Releasepoint",278.318,"Yuba R",2021-05-21 21:22:20,2021
"Yuba_2021-128","Releasepoint",278.318,"Yuba R",2021-05-21 21:22:20,2021
"Yuba_2021-129","Releasepoint",278.318,"Yuba R",2021-05-21 21:22:20,2021
"Yuba_2021-130","Releasepoint",278.318,"Yuba R",2021-05-21 21:22:20,2021
"Yuba_2021-131","Releasepoint",278.318,"Yuba R",2021-05-21 21:22:20,2021
"Yuba_2021-132","Releasepoint",278.318,"Yuba R",2021-05-21 21:22:20,2021
"Yuba_2021-133","Releasepoint",278.318,"Yuba R",2021-05-21 21:22:20,2021
"Yuba_2021-134","Releasepoint",278.318,"Yuba R",2021-05-21 21:22:20,2021
"Yuba_2021-135","Releasepoint",278.318,"Yuba R",2021-05-21 21:22:20,2021
"Yuba_2021-136","Releasepoint",278.318,"Yuba R",2021-05-21 21:22:20,2021
"Yuba_2021-137","Releasepoint",278.318,"Yuba R",2021-05-21 21:22:20,2021
"Yuba_2021-138","Releasepoint",278.318,"Yuba R",2021-05-21 21:22:20,2021
"Yuba_2021-139","Releasepoint",278.318,"Yuba R",2021-05-21 21:22:20,2021
"Yuba_2021-140","Releasepoint",278.318,"Yuba R",2021-05-21 21:22:20,2021
"Yuba_2021-141","Releasepoint",278.318,"Yuba R",2021-05-21 21:22:20,2021
"Yuba_2021-142","Releasepoint",278.318,"Yuba R",2021-05-21 21:22:20,2021
"Yuba_2021-143","Releasepoint",278.318,"Yuba R",2021-05-21 21:22:20,2021
"Yuba_2021-144","Releasepoint",278.318,"Yuba R",2021-05-21 21:22:20,2021
"Yuba_2021-145","Releasepoint",278.318,"Yuba R",2021-05-21 21:22:20,2021
"Yuba_2021-146","Releasepoint",278.318,"Yuba R",2021-05-21 21:22:20,2021
"Yuba_2021-147","Releasepoint",278.318,"Yuba R",2021-05-21 21:22:20,2021
"Yuba_2021-148","Releasepoint",278.318,"Yuba R",2021-05-21 21:22:20,2021
"Yuba_2021-149","Releasepoint",278.318,"Yuba R",2021-05-21 21:22:20,2021
"Yuba_2021-150","Releasepoint",278.318,"Yuba R",2021-05-21 21:22:20,2021
"Yuba_2021-151","Releasepoint",278.318,"Yuba R",2021-05-21 21:22:20,2021
"Yuba_2021-152","Releasepoint",278.318,"Yuba R",2021-05-21 21:22:20,2021
"Yuba_2021-153","Releasepoint",278.318,"Yuba R",2021-05-21 21:22:20,2021
"Yuba_2021-154","Releasepoint",278.318,"Yuba R",2021-05-21 21:22:20,2021
"Yuba_2021-155","Releasepoint",278.318,"Yuba R",2021-05-21 21:22:20,2021
"Yuba_2021-156","Releasepoint",278.318,"Yuba R",2021-05-21 21:22:20,2021
"Yuba_2021-157","Releasepoint",278.318,"Yuba R",2021-05-21 21:22:20,2021
"Yuba_2021-158","Releasepoint",278.318,"Yuba R",2021-05-21 21:22:20,2021
"Yuba_2021-159","Releasepoint",278.318,"Yuba R",2021-05-21 21:22:20,2021
"Yuba_2021-160","Releasepoint",278.318,"Yuba R",2021-05-21 21:22:20,2021
"Yuba_2021-161","Releasepoint",278.318,"Yuba R",2021-05-21 21:22:20,2021
"Yuba_2021-162","Releasepoint",278.318,"Yuba R",2021-05-21 21:22:20,2021
"Yuba_2021-163","Releasepoint",278.318,"Yuba R",2021-05-21 21:22:20,2021
"Yuba_2021-164","Releasepoint",278.318,"Yuba R",2021-05-21 21:22:20,2021
"Yuba_2021-165","Releasepoint",278.318,"Yuba R",2021-05-21 21:22:20,2021
"Yuba_2021-166","Releasepoint",278.318,"Yuba R",2021-05-21 21:22:20,2021
"Yuba_2021-167","Releasepoint",278.318,"Yuba R",2021-05-21 21:22:20,2021
"Yuba_2021-168","Releasepoint",278.318,"Yuba R",2021-05-21 21:22:20,2021
"Yuba_2021-169","Releasepoint",278.318,"Yuba R",2021-05-21 21:22:20,2021
"Yuba_2021-170","Releasepoint",278.318,"Yuba R",2021-05-21 21:22:20,2021
"Yuba_2021-171","Releasepoint",278.318,"Yuba R",2021-05-21 21:22:20,2021
"Yuba_2021-172","Releasepoint",278.318,"Yuba R",2021-05-21 21:22:20,2021
"Yuba_2021-173","Releasepoint",278.318,"Yuba R",2021-05-21 21:22:20,2021
"Yuba_2021-174","Releasepoint",278.318,"Yuba R",2021-05-21 21:22:20,2021
"Yuba_2021-175","Releasepoint",278.318,"Yuba R",2021-05-21 21:22:20,2021
"Yuba_2021-176","Releasepoint",278.318,"Yuba R",2021-05-21 21:22:20,2021
"Yuba_2021-177","Releasepoint",278.318,"Yuba R",2021-05-21 21:22:20,2021
"Yuba_2021-178","Releasepoint",278.318,"Yuba R",2021-05-21 21:22:20,2021
"Yuba_2021-179","Releasepoint",278.318,"Yuba R",2021-05-21 21:22:20,2021
"Yuba_2021-180","Releasepoint",278.318,"Yuba R",2021-05-21 21:22:20,2021
"Yuba_2021-181","Releasepoint",278.318,"Yuba R",2021-05-21 21:22:20,2021
"Yuba_2021-182","Releasepoint",278.318,"Yuba R",2021-05-21 21:22:20,2021
"Yuba_2021-183","Releasepoint",278.318,"Yuba R",2021-05-21 21:22:20,2021
"Yuba_2021-184","Releasepoint",278.318,"Yuba R",2021-05-21 21:22:20,2021
"Yuba_2021-185","Releasepoint",278.318,"Yuba R",2021-05-21 21:22:20,2021
"Yuba_2021-186","Releasepoint",278.318,"Yuba R",2021-05-21 21:22:20,2021
"Yuba_2021-187","Releasepoint",278.318,"Yuba R",2021-05-21 21:22:20,2021
"Yuba_2021-188","Releasepoint",278.318,"Yuba R",2021-05-21 21:22:20,2021
"Yuba_2021-189","Releasepoint",278.318,"Yuba R",2021-05-21 21:22:20,2021
"Yuba_2021-190","Releasepoint",278.318,"Yuba R",2021-05-21 21:22:20,2021
"Yuba_2021-191","Releasepoint",278.318,"Yuba R",2021-05-21 21:22:20,2021
"Yuba_2021-192","Releasepoint",278.318,"Yuba R",2021-05-21 21:22:20,2021
"Yuba_2021-193","Releasepoint",278.318,"Yuba R",2021-05-21 21:22:20,2021
"Yuba_2021-194","Releasepoint",278.318,"Yuba R",2021-05-21 21:22:20,2021
"Yuba_2021-195","Releasepoint",278.318,"Yuba R",2021-05-21 21:22:20,2021
"Yuba_2021-196","Releasepoint",278.318,"Yuba R",2021-05-21 21:22:20,2021
"Yuba_2021-197","Releasepoint",278.318,"Yuba R",2021-05-21 21:22:20,2021
"Yuba_2021-198","Releasepoint",278.318,"Yuba R",2021-05-21 21:22:20,2021
"Yuba_2021-199","Releasepoint",278.318,"Yuba R",2021-05-21 21:22:20,2021
"Yuba_2021-200","Releasepoint",278.318,"Yuba R",2021-05-21 21:22:20,2021
"Yuba_2021-201","Releasepoint",278.318,"Yuba R",2021-05-21 21:22:20,2021
"Yuba_2021-202","Releasepoint",278.318,"Yuba R",2021-05-21 19:30:00,2021
"Yuba_2021-203","Releasepoint",278.318,"Yuba R",2021-05-21 19:30:00,2021
"Yuba_2021-204","Releasepoint",278.318,"Yuba R",2021-05-21 19:30:00,2021
"Yuba_2021-205","Releasepoint",278.318,"Yuba R",2021-05-21 19:30:00,2021
"Yuba_2021-206","Releasepoint",278.318,"Yuba R",2021-05-21 19:30:00,2021
"Yuba_2021-207","Releasepoint",278.318,"Yuba R",2021-05-21 19:30:00,2021
"Yuba_2021-208","Releasepoint",278.318,"Yuba R",2021-05-21 19:30:00,2021
"Yuba_2021-209","Releasepoint",278.318,"Yuba R",2021-05-21 19:30:00,2021
"Yuba_2021-210","Releasepoint",278.318,"Yuba R",2021-05-21 19:30:00,2021
"Yuba_2021-211","Releasepoint",278.318,"Yuba R",2021-05-21 19:30:00,2021
"Yuba_2021-212","Releasepoint",278.318,"Yuba R",2021-05-21 19:30:00,2021
"Yuba_2021-213","Releasepoint",278.318,"Yuba R",2021-05-21 19:30:00,2021
"Yuba_2021-214","Releasepoint",278.318,"Yuba R",2021-05-21 19:30:00,2021
"Yuba_2021-215","Releasepoint",278.318,"Yuba R",2021-05-21 19:30:00,2021
"Yuba_2021-216","Releasepoint",278.318,"Yuba R",2021-05-21 19:30:00,2021
"Yuba_2021-217","Releasepoint",278.318,"Yuba R",2021-05-21 19:30:00,2021
"Yuba_2021-218","Releasepoint",278.318,"Yuba R",2021-05-21 19:30:00,2021
"Yuba_2021-219","Releasepoint",278.318,"Yuba R",2021-05-21 19:30:00,2021
"Yuba_2021-220","Releasepoint",278.318,"Yuba R",2021-05-21 19:30:00,2021
"Yuba_2021-221","Releasepoint",278.318,"Yuba R",2021-05-21 19:30:00,2021
"Yuba_2021-222","Releasepoint",278.318,"Yuba R",2021-05-21 19:30:00,2021
"Yuba_2021-223","Releasepoint",278.318,"Yuba R",2021-05-21 19:30:00,2021
"Yuba_2021-224","Releasepoint",278.318,"Yuba R",2021-05-21 19:30:00,2021
"Yuba_2021-225","Releasepoint",278.318,"Yuba R",2021-05-21 19:30:00,2021
"Yuba_2021-226","Releasepoint",278.318,"Yuba R",2021-05-21 19:30:00,2021
"Yuba_2021-227","Releasepoint",278.318,"Yuba R",2021-05-21 19:30:00,2021
"Yuba_2021-228","Releasepoint",278.318,"Yuba R",2021-05-21 19:30:00,2021
"Yuba_2021-229","Releasepoint",278.318,"Yuba R",2021-05-21 19:30:00,2021
"Yuba_2021-230","Releasepoint",278.318,"Yuba R",2021-05-21 19:30:00,2021
"Yuba_2021-231","Releasepoint",278.318,"Yuba R",2021-05-21 19:30:00,2021
"Yuba_2021-232","Releasepoint",278.318,"Yuba R",2021-05-21 19:30:00,2021
"Yuba_2021-233","Releasepoint",278.318,"Yuba R",2021-05-21 19:30:00,2021
"Yuba_2021-234","Releasepoint",278.318,"Yuba R",2021-05-21 19:30:00,2021
"Yuba_2021-235","Releasepoint",278.318,"Yuba R",2021-05-21 19:30:00,2021
"Yuba_2021-236","Releasepoint",278.318,"Yuba R",2021-05-21 19:30:00,2021
"Yuba_2021-237","Releasepoint",278.318,"Yuba R",2021-05-21 19:30:00,2021
"Yuba_2021-238","Releasepoint",278.318,"Yuba R",2021-05-21 19:30:00,2021
"Yuba_2021-239","Releasepoint",278.318,"Yuba R",2021-05-21 19:30:00,2021
"Yuba_2021-240","Releasepoint",278.318,"Yuba R",2021-05-21 19:30:00,2021
"Yuba_2021-241","Releasepoint",278.318,"Yuba R",2021-05-21 19:30:00,2021
"Yuba_2021-242","Releasepoint",278.318,"Yuba R",2021-05-21 19:30:00,2021
"Yuba_2021-243","Releasepoint",278.318,"Yuba R",2021-05-21 19:30:00,2021
"Yuba_2021-244","Releasepoint",278.318,"Yuba R",2021-05-21 19:30:00,2021
"Yuba_2021-245","Releasepoint",278.318,"Yuba R",2021-05-21 19:30:00,2021
"Yuba_2021-246","Releasepoint",278.318,"Yuba R",2021-05-21 19:30:00,2021
"Yuba_2021-247","Releasepoint",278.318,"Yuba R",2021-05-21 19:30:00,2021
"Yuba_2021-248","Releasepoint",278.318,"Yuba R",2021-05-21 19:30:00,2021
"Yuba_2021-249","Releasepoint",278.318,"Yuba R",2021-05-21 19:30:00,2021
"Yuba_2021-250","Releasepoint",278.318,"Yuba R",2021-05-21 19:30:00,2021
"Yuba_2021-251","Releasepoint",278.318,"Yuba R",2021-05-21 19:30:00,2021
"Yuba_2021-252","Releasepoint",278.318,"Yuba R",2021-05-21 19:30:00,2021
"Yuba_2021-253","Releasepoint",278.318,"Yuba R",2021-05-21 19:30:00,2021
"Yuba_2021-254","Releasepoint",278.318,"Yuba R",2021-05-21 19:30:00,2021
"Yuba_2021-255","Releasepoint",278.318,"Yuba R",2021-05-21 19:30:00,2021
"Yuba_2021-256","Releasepoint",278.318,"Yuba R",2021-05-21 19:30:00,2021
"Yuba_2021-257","Releasepoint",278.318,"Yuba R",2021-05-21 19:30:00,2021
"Yuba_2021-258","Releasepoint",278.318,"Yuba R",2021-05-21 19:30:00,2021
"Yuba_2021-259","Releasepoint",278.318,"Yuba R",2021-05-21 19:30:00,2021
"Yuba_2021-260","Releasepoint",278.318,"Yuba R",2021-05-21 19:30:00,2021
"Yuba_2021-261","Releasepoint",278.318,"Yuba R",2021-05-21 19:30:00,2021
"Yuba_2021-262","Releasepoint",278.318,"Yuba R",2021-05-21 19:30:00,2021
"Yuba_2021-263","Releasepoint",278.318,"Yuba R",2021-05-21 19:30:00,2021
"Yuba_2021-264","Releasepoint",278.318,"Yuba R",2021-05-21 19:30:00,2021
"Yuba_2021-265","Releasepoint",278.318,"Yuba R",2021-05-21 19:30:00,2021
"Yuba_2021-266","Releasepoint",278.318,"Yuba R",2021-05-21 19:30:00,2021
"Yuba_2021-267","Releasepoint",278.318,"Yuba R",2021-05-21 19:30:00,2021
"Yuba_2021-268","Releasepoint",278.318,"Yuba R",2021-05-21 19:30:00,2021
"Yuba_2021-269","Releasepoint",278.318,"Yuba R",2021-05-21 19:30:00,2021
"Yuba_2021-270","Releasepoint",278.318,"Yuba R",2021-05-21 19:30:00,2021
"Yuba_2021-271","Releasepoint",278.318,"Yuba R",2021-05-21 19:30:00,2021
"Yuba_2021-272","Releasepoint",278.318,"Yuba R",2021-05-21 19:30:00,2021
"Yuba_2021-273","Releasepoint",278.318,"Yuba R",2021-05-21 19:30:00,2021
"Yuba_2021-274","Releasepoint",278.318,"Yuba R",2021-05-21 19:30:00,2021
"Yuba_2021-275","Releasepoint",278.318,"Yuba R",2021-05-21 19:30:00,2021
"Yuba_2021-276","Releasepoint",278.318,"Yuba R",2021-05-21 19:30:00,2021
"Yuba_2021-277","Releasepoint",278.318,"Yuba R",2021-05-21 19:30:00,2021
"Yuba_2021-278","Releasepoint",278.318,"Yuba R",2021-05-21 19:30:00,2021
"Yuba_2021-279","Releasepoint",278.318,"Yuba R",2021-05-21 19:30:00,2021
"Yuba_2021-280","Releasepoint",278.318,"Yuba R",2021-05-21 19:30:00,2021
"Yuba_2021-281","Releasepoint",278.318,"Yuba R",2021-05-21 19:30:00,2021
"Yuba_2021-282","Releasepoint",278.318,"Yuba R",2021-05-21 19:30:00,2021
"Yuba_2021-283","Releasepoint",278.318,"Yuba R",2021-05-21 19:30:00,2021
"Yuba_2021-284","Releasepoint",278.318,"Yuba R",2021-05-21 19:30:00,2021
"Yuba_2021-285","Releasepoint",278.318,"Yuba R",2021-05-21 19:30:00,2021
"Yuba_2021-286","Releasepoint",278.318,"Yuba R",2021-05-21 19:30:00,2021
"Yuba_2021-287","Releasepoint",278.318,"Yuba R",2021-05-21 19:30:00,2021
"Yuba_2021-288","Releasepoint",278.318,"Yuba R",2021-05-21 19:30:00,2021
"Yuba_2021-289","Releasepoint",278.318,"Yuba R",2021-05-21 19:30:00,2021
"Yuba_2021-290","Releasepoint",278.318,"Yuba R",2021-05-21 19:30:00,2021
"Yuba_2021-291","Releasepoint",278.318,"Yuba R",2021-05-21 19:30:00,2021
"Yuba_2021-292","Releasepoint",278.318,"Yuba R",2021-05-21 19:30:00,2021
"Yuba_2021-293","Releasepoint",278.318,"Yuba R",2021-05-21 19:30:00,2021
"Yuba_2021-294","Releasepoint",278.318,"Yuba R",2021-05-21 19:30:00,2021
"Yuba_2021-295","Releasepoint",278.318,"Yuba R",2021-05-21 19:30:00,2021
"Yuba_2021-296","Releasepoint",278.318,"Yuba R",2021-05-21 19:30:00,2021
"Yuba_2021-297","Releasepoint",278.318,"Yuba R",2021-05-21 19:30:00,2021
"Yuba_2021-298","Releasepoint",278.318,"Yuba R",2021-05-21 19:30:00,2021
"Yuba_2021-299","Releasepoint",278.318,"Yuba R",2021-05-21 19:30:00,2021
"Yuba_2021-300","Releasepoint",278.318,"Yuba R",2021-05-21 19:30:00,2021
"Yuba_2021-301","Releasepoint",278.318,"Yuba R",2021-05-21 19:30:00,2021
"Yuba_2021-302","Releasepoint",278.318,"Yuba R",2021-05-21 19:30:00,2021
"Yuba_2021-303","Releasepoint",278.318,"Yuba R",2021-05-21 19:30:00,2021
"Yuba_2021-304","Releasepoint",278.318,"Yuba R",2021-05-21 19:30:00,2021
"Yuba_2021-305","Releasepoint",278.318,"Yuba R",2021-05-21 19:30:00,2021
"Yuba_2021-306","Releasepoint",278.318,"Yuba R",2021-05-21 19:30:00,2021
"Yuba_2021-307","Releasepoint",278.318,"Yuba R",2021-05-21 19:30:00,2021
"Yuba_2021-308","Releasepoint",278.318,"Yuba R",2021-05-21 19:30:00,2021
"Yuba_2021-309","Releasepoint",278.318,"Yuba R",2021-05-21 19:30:00,2021
"Yuba_2021-310","Releasepoint",278.318,"Yuba R",2021-05-21 19:30:00,2021
"Yuba_2021-311","Releasepoint",278.318,"Yuba R",2021-05-21 19:30:00,2021
"Yuba_2021-312","Releasepoint",278.318,"Yuba R",2021-05-21 19:30:00,2021
"Yuba_2021-313","Releasepoint",278.318,"Yuba R",2021-05-21 19:30:00,2021
"Yuba_2021-314","Releasepoint",278.318,"Yuba R",2021-05-21 19:30:00,2021
"Yuba_2021-315","Releasepoint",278.318,"Yuba R",2021-05-21 19:30:00,2021
"Yuba_2021-316","Releasepoint",278.318,"Yuba R",2021-05-21 19:30:00,2021
"Yuba_2021-317","Releasepoint",278.318,"Yuba R",2021-05-21 19:30:00,2021
"Yuba_2021-318","Releasepoint",278.318,"Yuba R",2021-05-21 19:30:00,2021
"Yuba_2021-319","Releasepoint",278.318,"Yuba R",2021-05-21 19:30:00,2021
"Yuba_2021-320","Releasepoint",278.318,"Yuba R",2021-05-21 19:30:00,2021
"Yuba_2021-321","Releasepoint",278.318,"Yuba R",2021-05-21 19:30:00,2021
"Yuba_2021-322","Releasepoint",278.318,"Yuba R",2021-05-21 19:30:00,2021
"Yuba_2021-323","Releasepoint",278.318,"Yuba R",2021-05-21 19:30:00,2021
"Yuba_2021-324","Releasepoint",278.318,"Yuba R",2021-05-21 19:30:00,2021
"Yuba_2021-325","Releasepoint",278.318,"Yuba R",2021-05-21 19:30:00,2021
"Yuba_2021-326","Releasepoint",278.318,"Yuba R",2021-05-21 19:30:00,2021
"Yuba_2021-327","Releasepoint",278.318,"Yuba R",2021-05-21 19:30:00,2021
"Yuba_2021-328","Releasepoint",278.318,"Yuba R",2021-05-21 19:30:00,2021
"Yuba_2021-329","Releasepoint",278.318,"Yuba R",2021-05-21 19:30:00,2021
"Yuba_2021-330","Releasepoint",278.318,"Yuba R",2021-05-21 19:30:00,2021
"Yuba_2021-331","Releasepoint",278.318,"Yuba R",2021-05-21 19:30:00,2021
"Yuba_2021-332","Releasepoint",278.318,"Yuba R",2021-05-21 19:30:00,2021
"Yuba_2021-333","Releasepoint",278.318,"Yuba R",2021-05-21 19:30:00,2021
"Yuba_2021-334","Releasepoint",278.318,"Yuba R",2021-05-21 19:30:00,2021
"Yuba_2021-335","Releasepoint",278.318,"Yuba R",2021-05-21 19:30:00,2021
"Yuba_2021-336","Releasepoint",278.318,"Yuba R",2021-05-21 19:30:00,2021
"Yuba_2021-337","Releasepoint",278.318,"Yuba R",2021-05-21 19:30:00,2021
"Yuba_2021-338","Releasepoint",278.318,"Yuba R",2021-05-21 19:30:00,2021
"Yuba_2021-339","Releasepoint",278.318,"Yuba R",2021-05-21 19:30:00,2021
"Yuba_2021-340","Releasepoint",278.318,"Yuba R",2021-05-21 19:30:00,2021
"Yuba_2021-341","Releasepoint",278.318,"Yuba R",2021-05-21 19:30:00,2021
"Yuba_2021-342","Releasepoint",278.318,"Yuba R",2021-05-21 19:30:00,2021
"Yuba_2021-343","Releasepoint",278.318,"Yuba R",2021-05-21 19:30:00,2021
"Yuba_2021-344","Releasepoint",278.318,"Yuba R",2021-05-21 19:30:00,2021
"Yuba_2021-345","Releasepoint",278.318,"Yuba R",2021-05-21 19:30:00,2021
"Yuba_2021-346","Releasepoint",278.318,"Yuba R",2021-05-21 19:30:00,2021
"Yuba_2021-347","Releasepoint",278.318,"Yuba R",2021-05-21 19:30:00,2021
"Yuba_2021-348","Releasepoint",278.318,"Yuba R",2021-05-21 19:30:00,2021
"Yuba_2021-349","Releasepoint",278.318,"Yuba R",2021-05-21 19:30:00,2021
"Yuba_2021-350","Releasepoint",278.318,"Yuba R",2021-05-21 19:30:00,2021
"Yuba_2021-351","Releasepoint",278.318,"Yuba R",2021-05-21 19:30:00,2021
"Yuba_2021-352","Releasepoint",278.318,"Yuba R",2021-05-21 19:30:00,2021
"Yuba_2021-353","Releasepoint",278.318,"Yuba R",2021-05-21 19:30:00,2021
"Yuba_2021-354","Releasepoint",278.318,"Yuba R",2021-05-21 19:30:00,2021
"Yuba_2021-355","Releasepoint",278.318,"Yuba R",2021-05-21 19:30:00,2021
"Yuba_2021-356","Releasepoint",278.318,"Yuba R",2021-05-21 19:30:00,2021
"Yuba_2021-357","Releasepoint",278.318,"Yuba R",2021-05-21 19:30:00,2021
"Yuba_2021-358","Releasepoint",278.318,"Yuba R",2021-05-21 19:30:00,2021
"Yuba_2021-359","Releasepoint",278.318,"Yuba R",2021-05-21 19:30:00,2021
"Yuba_2021-360","Releasepoint",278.318,"Yuba R",2021-05-21 19:30:00,2021
"Yuba_2021-361","Releasepoint",278.318,"Yuba R",2021-05-21 19:30:00,2021
"Yuba_2021-362","Releasepoint",278.318,"Yuba R",2021-05-21 19:30:00,2021
"Yuba_2021-363","Releasepoint",278.318,"Yuba R",2021-05-21 19:30:00,2021
"Yuba_2021-364","Releasepoint",278.318,"Yuba R",2021-05-21 19:30:00,2021
"Yuba_2021-365","Releasepoint",278.318,"Yuba R",2021-05-21 19:30:00,2021
"Yuba_2021-366","Releasepoint",278.318,"Yuba R",2021-05-21 19:30:00,2021
"Yuba_2021-367","Releasepoint",278.318,"Yuba R",2021-05-21 19:30:00,2021
"Yuba_2021-368","Releasepoint",278.318,"Yuba R",2021-05-21 19:30:00,2021
"Yuba_2021-369","Releasepoint",278.318,"Yuba R",2021-05-21 19:30:00,2021
"Yuba_2021-370","Releasepoint",278.318,"Yuba R",2021-05-21 19:30:00,2021
"Yuba_2021-371","Releasepoint",278.318,"Yuba R",2021-05-21 19:30:00,2021
"Yuba_2021-372","Releasepoint",278.318,"Yuba R",2021-05-21 19:30:00,2021
"Yuba_2021-373","Releasepoint",278.318,"Yuba R",2021-05-21 19:30:00,2021
"Yuba_2021-374","Releasepoint",278.318,"Yuba R",2021-05-21 19:30:00,2021
"Yuba_2021-375","Releasepoint",278.318,"Yuba R",2021-05-21 19:30:00,2021
"Yuba_2021-376","Releasepoint",278.318,"Yuba R",2021-05-21 19:30:00,2021
"Yuba_2021-377","Releasepoint",278.318,"Yuba R",2021-05-21 19:30:00,2021
"Yuba_2021-378","Releasepoint",278.318,"Yuba R",2021-05-21 19:30:00,2021
"Yuba_2021-379","Releasepoint",278.318,"Yuba R",2021-05-21 19:30:00,2021
"Yuba_2021-380","Releasepoint",278.318,"Yuba R",2021-05-21 19:30:00,2021
"Yuba_2021-381","Releasepoint",278.318,"Yuba R",2021-05-21 19:30:00,2021
"Yuba_2021-382","Releasepoint",278.318,"Yuba R",2021-05-21 19:30:00,2021
"Yuba_2021-383","Releasepoint",278.318,"Yuba R",2021-05-21 19:30:00,2021
"Yuba_2021-384","Releasepoint",278.318,"Yuba R",2021-05-21 19:30:00,2021
"Yuba_2021-385","Releasepoint",278.318,"Yuba R",2021-05-21 19:30:00,2021
"Yuba_2021-386","Releasepoint",278.318,"Yuba R",2021-05-21 19:30:00,2021
"Yuba_2021-387","Releasepoint",278.318,"Yuba R",2021-05-21 19:30:00,2021
"Yuba_2021-388","Releasepoint",278.318,"Yuba R",2021-05-21 19:30:00,2021
"Yuba_2021-389","Releasepoint",278.318,"Yuba R",2021-05-21 19:30:00,2021
"Yuba_2021-390","Releasepoint",278.318,"Yuba R",2021-05-21 19:30:00,2021
"Yuba_2021-391","Releasepoint",278.318,"Yuba R",2021-05-21 19:30:00,2021
"Yuba_2021-392","Releasepoint",278.318,"Yuba R",2021-05-21 19:30:00,2021
"Yuba_2021-393","Releasepoint",278.318,"Yuba R",2021-05-21 19:30:00,2021
"Yuba_2021-394","Releasepoint",278.318,"Yuba R",2021-05-21 19:30:00,2021
"Yuba_2021-395","Releasepoint",278.318,"Yuba R",2021-05-21 19:30:00,2021
"Yuba_2021-396","Releasepoint",278.318,"Yuba R",2021-05-21 19:30:00,2021
"Yuba_2021-397","Releasepoint",278.318,"Yuba R",2021-05-21 19:30:00,2021
"Yuba_2021-398","Releasepoint",278.318,"Yuba R",2021-05-21 19:30:00,2021
"Yuba_2021-399","Releasepoint",278.318,"Yuba R",2021-05-21 19:30:00,2021
"Yuba_2021-400","Releasepoint",278.318,"Yuba R",2021-05-21 19:30:00,2021
"Yuba_2021-401","Releasepoint",278.318,"Yuba R",2021-05-21 19:30:00,2021
"Yuba_2021-402","Releasepoint",278.318,"Yuba R",2021-05-21 19:30:00,2021
"Yuba_2021-403","Releasepoint",278.318,"Yuba R",2021-05-21 19:30:00,2021
"Yuba_2021-404","Releasepoint",278.318,"Yuba R",2021-05-21 19:30:00,2021
"Yuba_2021-405","Releasepoint",278.318,"Yuba R",2021-05-21 19:30:00,2021
"Yuba_2021-406","Releasepoint",278.318,"Yuba R",2021-05-21 19:30:00,2021
"Yuba_2021-407","Releasepoint",278.318,"Yuba R",2021-05-21 19:30:00,2021
"Yuba_2021-408","Releasepoint",278.318,"Yuba R",2021-05-21 19:30:00,2021
"Yuba_2021-409","Releasepoint",278.318,"Yuba R",2021-05-21 19:30:00,2021
"Yuba_2021-410","Releasepoint",278.318,"Yuba R",2021-05-21 19:30:00,2021
"Yuba_2021-411","Releasepoint",278.318,"Yuba R",2021-05-21 19:30:00,2021
"Yuba_2022-001","Releasepoint",278.318,"Yuba R",2022-05-19 19:45:00,2022
"Yuba_2022-002","Releasepoint",278.318,"Yuba R",2022-05-19 19:45:00,2022
"Yuba_2022-003","Releasepoint",278.318,"Yuba R",2022-05-19 19:45:00,2022
"Yuba_2022-004","Releasepoint",278.318,"Yuba R",2022-05-19 19:45:00,2022
"Yuba_2022-005","Releasepoint",278.318,"Yuba R",2022-05-19 19:45:00,2022
"Yuba_2022-006","Releasepoint",278.318,"Yuba R",2022-05-19 19:45:00,2022
"Yuba_2022-007","Releasepoint",278.318,"Yuba R",2022-05-19 19:45:00,2022
"Yuba_2022-008","Releasepoint",278.318,"Yuba R",2022-05-19 19:45:00,2022
"Yuba_2022-009","Releasepoint",278.318,"Yuba R",2022-05-19 19:45:00,2022
"Yuba_2022-010","Releasepoint",278.318,"Yuba R",2022-05-19 19:45:00,2022
"Yuba_2022-011","Releasepoint",278.318,"Yuba R",2022-05-19 19:45:00,2022
"Yuba_2022-012","Releasepoint",278.318,"Yuba R",2022-05-19 19:45:00,2022
"Yuba_2022-013","Releasepoint",278.318,"Yuba R",2022-05-19 19:45:00,2022
"Yuba_2022-014","Releasepoint",278.318,"Yuba R",2022-05-19 19:45:00,2022
"Yuba_2022-015","Releasepoint",278.318,"Yuba R",2022-05-19 19:45:00,2022
"Yuba_2022-016","Releasepoint",278.318,"Yuba R",2022-05-19 19:45:00,2022
"Yuba_2022-017","Releasepoint",278.318,"Yuba R",2022-05-19 19:45:00,2022
"Yuba_2022-018","Releasepoint",278.318,"Yuba R",2022-05-19 19:45:00,2022
"Yuba_2022-019","Releasepoint",278.318,"Yuba R",2022-05-19 19:45:00,2022
"Yuba_2022-020","Releasepoint",278.318,"Yuba R",2022-05-19 19:45:00,2022
"Yuba_2022-021","Releasepoint",278.318,"Yuba R",2022-05-19 19:45:00,2022
"Yuba_2022-022","Releasepoint",278.318,"Yuba R",2022-05-19 19:45:00,2022
"Yuba_2022-023","Releasepoint",278.318,"Yuba R",2022-05-19 19:45:00,2022
"Yuba_2022-024","Releasepoint",278.318,"Yuba R",2022-05-19 19:45:00,2022
"Yuba_2022-025","Releasepoint",278.318,"Yuba R",2022-05-19 19:45:00,2022
"Yuba_2022-026","Releasepoint",278.318,"Yuba R",2022-05-19 19:45:00,2022
"Yuba_2022-027","Releasepoint",278.318,"Yuba R",2022-05-19 19:45:00,2022
"Yuba_2022-028","Releasepoint",278.318,"Yuba R",2022-05-19 19:45:00,2022
"Yuba_2022-029","Releasepoint",278.318,"Yuba R",2022-05-19 19:45:00,2022
"Yuba_2022-030","Releasepoint",278.318,"Yuba R",2022-05-19 19:45:00,2022
"Yuba_2022-031","Releasepoint",278.318,"Yuba R",2022-05-19 19:45:00,2022
"Yuba_2022-032","Releasepoint",278.318,"Yuba R",2022-05-19 19:45:00,2022
"Yuba_2022-033","Releasepoint",278.318,"Yuba R",2022-05-19 19:45:00,2022
"Yuba_2022-034","Releasepoint",278.318,"Yuba R",2022-05-19 19:45:00,2022
"Yuba_2022-035","Releasepoint",278.318,"Yuba R",2022-05-19 19:45:00,2022
"Yuba_2022-036","Releasepoint",278.318,"Yuba R",2022-05-19 19:45:00,2022
"Yuba_2022-037","Releasepoint",278.318,"Yuba R",2022-05-19 19:45:00,2022
"Yuba_2022-038","Releasepoint",278.318,"Yuba R",2022-05-19 19:45:00,2022
"Yuba_2022-039","Releasepoint",278.318,"Yuba R",2022-05-19 19:45:00,2022
"Yuba_2022-040","Releasepoint",278.318,"Yuba R",2022-05-19 19:45:00,2022
"Yuba_2022-041","Releasepoint",278.318,"Yuba R",2022-05-19 19:45:00,2022
"Yuba_2022-042","Releasepoint",278.318,"Yuba R",2022-05-19 19:45:00,2022
"Yuba_2022-043","Releasepoint",278.318,"Yuba R",2022-05-19 19:45:00,2022
"Yuba_2022-044","Releasepoint",278.318,"Yuba R",2022-05-19 19:45:00,2022
"Yuba_2022-045","Releasepoint",278.318,"Yuba R",2022-05-19 19:45:00,2022
"Yuba_2022-046","Releasepoint",278.318,"Yuba R",2022-05-19 19:45:00,2022
"Yuba_2022-047","Releasepoint",278.318,"Yuba R",2022-05-19 19:45:00,2022
"Yuba_2022-048","Releasepoint",278.318,"Yuba R",2022-05-19 19:45:00,2022
"Yuba_2022-049","Releasepoint",278.318,"Yuba R",2022-05-19 19:45:00,2022
"Yuba_2022-050","Releasepoint",278.318,"Yuba R",2022-05-19 19:45:00,2022
"Yuba_2022-051","Releasepoint",278.318,"Yuba R",2022-05-19 19:45:00,2022
"Yuba_2022-052","Releasepoint",278.318,"Yuba R",2022-05-19 19:45:00,2022
"Yuba_2022-053","Releasepoint",278.318,"Yuba R",2022-05-19 19:45:00,2022
"Yuba_2022-054","Releasepoint",278.318,"Yuba R",2022-05-19 19:45:00,2022
"Yuba_2022-055","Releasepoint",278.318,"Yuba R",2022-05-19 19:45:00,2022
"Yuba_2022-056","Releasepoint",278.318,"Yuba R",2022-05-19 19:45:00,2022
"Yuba_2022-057","Releasepoint",278.318,"Yuba R",2022-05-19 19:45:00,2022
"Yuba_2022-058","Releasepoint",278.318,"Yuba R",2022-05-19 19:45:00,2022
"Yuba_2022-059","Releasepoint",278.318,"Yuba R",2022-05-19 19:45:00,2022
"Yuba_2022-060","Releasepoint",278.318,"Yuba R",2022-05-19 19:45:00,2022
"Yuba_2022-061","Releasepoint",278.318,"Yuba R",2022-05-19 19:45:00,2022
"Yuba_2022-062","Releasepoint",278.318,"Yuba R",2022-05-19 19:45:00,2022
"Yuba_2022-063","Releasepoint",278.318,"Yuba R",2022-05-19 19:45:00,2022
"Yuba_2022-064","Releasepoint",278.318,"Yuba R",2022-05-19 19:45:00,2022
"Yuba_2022-065","Releasepoint",278.318,"Yuba R",2022-05-19 19:45:00,2022
"Yuba_2022-066","Releasepoint",278.318,"Yuba R",2022-05-19 19:45:00,2022
"Yuba_2022-067","Releasepoint",278.318,"Yuba R",2022-05-19 19:45:00,2022
"Yuba_2022-068","Releasepoint",278.318,"Yuba R",2022-05-19 19:45:00,2022
"Yuba_2022-069","Releasepoint",278.318,"Yuba R",2022-05-19 19:45:00,2022
"Yuba_2022-070","Releasepoint",278.318,"Yuba R",2022-05-19 19:45:00,2022
"Yuba_2022-071","Releasepoint",278.318,"Yuba R",2022-05-19 19:45:00,2022
"Yuba_2022-072","Releasepoint",278.318,"Yuba R",2022-05-19 19:45:00,2022
"Yuba_2022-073","Releasepoint",278.318,"Yuba R",2022-05-19 19:45:00,2022
"Yuba_2022-074","Releasepoint",278.318,"Yuba R",2022-05-19 19:45:00,2022
"Yuba_2022-075","Releasepoint",278.318,"Yuba R",2022-05-19 19:45:00,2022
"Yuba_2022-076","Releasepoint",278.318,"Yuba R",2022-05-19 19:45:00,2022
"Yuba_2022-077","Releasepoint",278.318,"Yuba R",2022-05-19 19:45:00,2022
"Yuba_2022-078","Releasepoint",278.318,"Yuba R",2022-05-19 19:45:00,2022
"Yuba_2022-079","Releasepoint",278.318,"Yuba R",2022-05-19 19:45:00,2022
"Yuba_2022-080","Releasepoint",278.318,"Yuba R",2022-05-19 19:45:00,2022
"Yuba_2022-081","Releasepoint",278.318,"Yuba R",2022-05-19 19:45:00,2022
"Yuba_2022-082","Releasepoint",278.318,"Yuba R",2022-05-19 19:45:00,2022
"Yuba_2022-083","Releasepoint",278.318,"Yuba R",2022-05-19 19:45:00,2022
"Yuba_2022-084","Releasepoint",278.318,"Yuba R",2022-05-19 19:45:00,2022
"Yuba_2022-085","Releasepoint",278.318,"Yuba R",2022-05-19 19:45:00,2022
"Yuba_2022-086","Releasepoint",278.318,"Yuba R",2022-05-19 19:45:00,2022
"Yuba_2022-087","Releasepoint",278.318,"Yuba R",2022-05-19 19:45:00,2022
"Yuba_2022-088","Releasepoint",278.318,"Yuba R",2022-05-19 19:45:00,2022
"Yuba_2022-089","Releasepoint",278.318,"Yuba R",2022-05-19 19:45:00,2022
"Yuba_2022-090","Releasepoint",278.318,"Yuba R",2022-05-19 19:45:00,2022
"Yuba_2022-091","Releasepoint",278.318,"Yuba R",2022-05-19 19:45:00,2022
"Yuba_2022-092","Releasepoint",278.318,"Yuba R",2022-05-19 19:45:00,2022
"Yuba_2022-093","Releasepoint",278.318,"Yuba R",2022-05-19 19:45:00,2022
"Yuba_2022-094","Releasepoint",278.318,"Yuba R",2022-05-19 19:45:00,2022
"Yuba_2022-095","Releasepoint",278.318,"Yuba R",2022-05-19 19:45:00,2022
"Yuba_2022-096","Releasepoint",278.318,"Yuba R",2022-05-19 19:45:00,2022
"Yuba_2022-097","Releasepoint",278.318,"Yuba R",2022-05-19 19:45:00,2022
"Yuba_2022-098","Releasepoint",278.318,"Yuba R",2022-05-19 19:45:00,2022
"Yuba_2022-099","Releasepoint",278.318,"Yuba R",2022-05-19 19:45:00,2022
"Yuba_2022-100","Releasepoint",278.318,"Yuba R",2022-05-19 19:45:00,2022
"Yuba_2022-101","Releasepoint",278.318,"Yuba R",2022-05-19 19:45:00,2022
"Yuba_2022-102","Releasepoint",278.318,"Yuba R",2022-05-19 19:45:00,2022
"Yuba_2022-103","Releasepoint",278.318,"Yuba R",2022-05-19 19:45:00,2022
"Yuba_2022-104","Releasepoint",278.318,"Yuba R",2022-05-19 19:45:00,2022
"Yuba_2022-105","Releasepoint",278.318,"Yuba R",2022-05-19 19:45:00,2022
"Yuba_2022-106","Releasepoint",278.318,"Yuba R",2022-05-19 19:45:00,2022
"Yuba_2022-107","Releasepoint",278.318,"Yuba R",2022-05-19 19:45:00,2022
"Yuba_2022-108","Releasepoint",278.318,"Yuba R",2022-05-19 19:45:00,2022
"Yuba_2022-109","Releasepoint",278.318,"Yuba R",2022-05-19 19:45:00,2022
"Yuba_2022-110","Releasepoint",278.318,"Yuba R",2022-05-19 19:45:00,2022
"Yuba_2022-111","Releasepoint",278.318,"Yuba R",2022-05-19 19:45:00,2022
"Yuba_2022-112","Releasepoint",278.318,"Yuba R",2022-05-19 19:45:00,2022
"Yuba_2022-113","Releasepoint",278.318,"Yuba R",2022-05-19 19:45:00,2022
"Yuba_2022-114","Releasepoint",278.318,"Yuba R",2022-05-19 19:45:00,2022
"Yuba_2022-115","Releasepoint",278.318,"Yuba R",2022-05-19 19:45:00,2022
"Yuba_2022-116","Releasepoint",278.318,"Yuba R",2022-05-19 19:45:00,2022
"Yuba_2022-117","Releasepoint",278.318,"Yuba R",2022-05-19 19:45:00,2022
"Yuba_2022-118","Releasepoint",278.318,"Yuba R",2022-05-19 19:45:00,2022
"Yuba_2022-119","Releasepoint",278.318,"Yuba R",2022-05-19 19:45:00,2022
"Yuba_2022-120","Releasepoint",278.318,"Yuba R",2022-05-19 19:45:00,2022
"Yuba_2022-121","Releasepoint",278.318,"Yuba R",2022-05-19 19:45:00,2022
"Yuba_2022-122","Releasepoint",278.318,"Yuba R",2022-05-19 19:45:00,2022
"Yuba_2022-123","Releasepoint",278.318,"Yuba R",2022-05-19 19:45:00,2022
"Yuba_2022-124","Releasepoint",278.318,"Yuba R",2022-05-19 19:45:00,2022
"Yuba_2022-125","Releasepoint",278.318,"Yuba R",2022-05-19 19:45:00,2022
"Yuba_2022-126","Releasepoint",278.318,"Yuba R",2022-05-19 19:45:00,2022
"Yuba_2022-127","Releasepoint",278.318,"Yuba R",2022-05-19 19:45:00,2022
"Yuba_2022-128","Releasepoint",278.318,"Yuba R",2022-05-19 19:45:00,2022
"Yuba_2022-129","Releasepoint",278.318,"Yuba R",2022-05-19 19:45:00,2022
"Yuba_2022-130","Releasepoint",278.318,"Yuba R",2022-05-19 19:45:00,2022
"Yuba_2022-131","Releasepoint",278.318,"Yuba R",2022-05-19 19:45:00,2022
"Yuba_2022-132","Releasepoint",278.318,"Yuba R",2022-05-19 19:45:00,2022
"Yuba_2022-133","Releasepoint",278.318,"Yuba R",2022-05-19 19:45:00,2022
"Yuba_2022-134","Releasepoint",278.318,"Yuba R",2022-05-19 19:45:00,2022
"Yuba_2022-135","Releasepoint",278.318,"Yuba R",2022-05-19 19:45:00,2022
"Yuba_2022-136","Releasepoint",278.318,"Yuba R",2022-05-19 19:45:00,2022
"Yuba_2022-137","Releasepoint",278.318,"Yuba R",2022-05-19 19:45:00,2022
"Yuba_2022-138","Releasepoint",278.318,"Yuba R",2022-05-19 19:45:00,2022
"Yuba_2022-139","Releasepoint",278.318,"Yuba R",2022-05-19 19:45:00,2022
"Yuba_2022-140","Releasepoint",278.318,"Yuba R",2022-05-19 19:45:00,2022
"Yuba_2022-141","Releasepoint",278.318,"Yuba R",2022-05-19 19:45:00,2022
"Yuba_2022-142","Releasepoint",278.318,"Yuba R",2022-05-19 19:45:00,2022
"Yuba_2022-143","Releasepoint",278.318,"Yuba R",2022-05-19 19:45:00,2022
"Yuba_2022-144","Releasepoint",278.318,"Yuba R",2022-05-19 19:45:00,2022
"Yuba_2022-145","Releasepoint",278.318,"Yuba R",2022-05-19 19:45:00,2022
"Yuba_2022-146","Releasepoint",278.318,"Yuba R",2022-05-19 19:45:00,2022
"Yuba_2022-147","Releasepoint",278.318,"Yuba R",2022-05-19 19:45:00,2022
"Yuba_2022-148","Releasepoint",278.318,"Yuba R",2022-05-19 19:45:00,2022
"Yuba_2022-149","Releasepoint",278.318,"Yuba R",2022-05-19 19:45:00,2022
"Yuba_2022-150","Releasepoint",278.318,"Yuba R",2022-05-19 19:45:00,2022
"Yuba_2022-151","Releasepoint",278.318,"Yuba R",2022-05-19 19:45:00,2022
"Yuba_2022-152","Releasepoint",278.318,"Yuba R",2022-05-19 19:45:00,2022
"Yuba_2022-153","Releasepoint",278.318,"Yuba R",2022-05-19 19:45:00,2022
"Yuba_2022-154","Releasepoint",278.318,"Yuba R",2022-05-19 19:45:00,2022
"Yuba_2022-155","Releasepoint",278.318,"Yuba R",2022-05-19 19:45:00,2022
"Yuba_2022-156","Releasepoint",278.318,"Yuba R",2022-05-19 19:45:00,2022
"Yuba_2022-157","Releasepoint",278.318,"Yuba R",2022-05-19 19:45:00,2022
"Yuba_2022-158","Releasepoint",278.318,"Yuba R",2022-05-19 19:45:00,2022
"Yuba_2022-159","Releasepoint",278.318,"Yuba R",2022-05-19 19:45:00,2022
"Yuba_2022-160","Releasepoint",278.318,"Yuba R",2022-05-19 19:45:00,2022
"Yuba_2022-161","Releasepoint",278.318,"Yuba R",2022-05-19 19:45:00,2022
"Yuba_2022-162","Releasepoint",278.318,"Yuba R",2022-05-19 19:45:00,2022
"Yuba_2022-163","Releasepoint",278.318,"Yuba R",2022-05-19 19:45:00,2022
"Yuba_2022-164","Releasepoint",278.318,"Yuba R",2022-05-19 19:45:00,2022
"Yuba_2022-165","Releasepoint",278.318,"Yuba R",2022-05-19 19:45:00,2022
"Yuba_2022-166","Releasepoint",278.318,"Yuba R",2022-05-19 19:45:00,2022
"Yuba_2022-167","Releasepoint",278.318,"Yuba R",2022-05-19 19:45:00,2022
"Yuba_2022-168","Releasepoint",278.318,"Yuba R",2022-05-19 19:45:00,2022
"Yuba_2022-169","Releasepoint",278.318,"Yuba R",2022-05-19 19:45:00,2022
"Yuba_2022-170","Releasepoint",278.318,"Yuba R",2022-05-19 19:45:00,2022
"Yuba_2022-171","Releasepoint",278.318,"Yuba R",2022-05-19 19:45:00,2022
"Yuba_2022-172","Releasepoint",278.318,"Yuba R",2022-05-19 19:45:00,2022
"Yuba_2022-173","Releasepoint",278.318,"Yuba R",2022-05-19 19:45:00,2022
"Yuba_2022-174","Releasepoint",278.318,"Yuba R",2022-05-19 19:45:00,2022
"Yuba_2022-175","Releasepoint",278.318,"Yuba R",2022-05-19 19:45:00,2022
"Yuba_2022-176","Releasepoint",278.318,"Yuba R",2022-05-19 19:45:00,2022
"Yuba_2022-177","Releasepoint",278.318,"Yuba R",2022-05-19 19:45:00,2022
"Yuba_2022-178","Releasepoint",278.318,"Yuba R",2022-05-19 19:45:00,2022
"Yuba_2022-179","Releasepoint",278.318,"Yuba R",2022-05-19 19:45:00,2022
"Yuba_2022-180","Releasepoint",278.318,"Yuba R",2022-05-19 19:45:00,2022
"Yuba_2022-181","Releasepoint",278.318,"Yuba R",2022-05-19 19:45:00,2022
"Yuba_2022-182","Releasepoint",278.318,"Yuba R",2022-05-19 19:45:00,2022
"Yuba_2022-183","Releasepoint",278.318,"Yuba R",2022-05-19 19:45:00,2022
"Yuba_2022-184","Releasepoint",278.318,"Yuba R",2022-05-19 19:45:00,2022
"Yuba_2022-185","Releasepoint",278.318,"Yuba R",2022-05-19 19:45:00,2022
"Yuba_2022-186","Releasepoint",278.318,"Yuba R",2022-05-19 19:45:00,2022
"Yuba_2022-187","Releasepoint",278.318,"Yuba R",2022-05-19 19:45:00,2022
"Yuba_2022-188","Releasepoint",278.318,"Yuba R",2022-05-19 19:45:00,2022
"Yuba_2022-189","Releasepoint",278.318,"Yuba R",2022-05-19 19:45:00,2022
"Yuba_2022-190","Releasepoint",278.318,"Yuba R",2022-05-19 19:45:00,2022
"Yuba_2022-191","Releasepoint",278.318,"Yuba R",2022-05-19 19:45:00,2022
"Yuba_2022-192","Releasepoint",278.318,"Yuba R",2022-05-19 19:45:00,2022
"Yuba_2022-193","Releasepoint",278.318,"Yuba R",2022-05-19 19:45:00,2022
"Yuba_2022-194","Releasepoint",278.318,"Yuba R",2022-05-19 19:45:00,2022
"Yuba_2022-195","Releasepoint",278.318,"Yuba R",2022-05-19 19:45:00,2022
"Yuba_2022-196","Releasepoint",278.318,"Yuba R",2022-05-19 19:45:00,2022
"Yuba_2022-197","Releasepoint",278.318,"Yuba R",2022-05-19 19:45:00,2022
"Yuba_2022-198","Releasepoint",278.318,"Yuba R",2022-05-19 19:45:00,2022
"Yuba_2022-199","Releasepoint",278.318,"Yuba R",2022-05-19 19:45:00,2022
"Yuba_2022-200","Releasepoint",278.318,"Yuba R",2022-05-19 19:45:00,2022
"Yuba_2022-201","Releasepoint",278.318,"Yuba R",2022-05-19 19:45:00,2022
"Yuba_2022-202","Releasepoint",278.318,"Yuba R",2022-05-19 19:45:00,2022
"Yuba_2022-203","Releasepoint",278.318,"Yuba R",2022-05-19 19:45:00,2022
"Yuba_2022-204","Releasepoint",278.318,"Yuba R",2022-05-19 19:45:00,2022
"Yuba_2022-205","Releasepoint",278.318,"Yuba R",2022-05-19 19:45:00,2022
"Yuba_2022-206","Releasepoint",278.318,"Yuba R",2022-05-19 19:45:00,2022
"Yuba_2022-207","Releasepoint",278.318,"Yuba R",2022-05-19 19:45:00,2022
"Yuba_2022-208","Releasepoint",278.318,"Yuba R",2022-05-19 19:45:00,2022
"Yuba_2022-209","Releasepoint",278.318,"Yuba R",2022-05-19 19:45:00,2022
"Yuba_2022-210","Releasepoint",278.318,"Yuba R",2022-05-19 19:45:00,2022
"Yuba_2022-211","Releasepoint",278.318,"Yuba R",2022-05-19 19:45:00,2022
"Yuba_2022-212","Releasepoint",278.318,"Yuba R",2022-05-19 19:00:00,2022
"Yuba_2022-213","Releasepoint",278.318,"Yuba R",2022-05-19 19:00:00,2022
"Yuba_2022-214","Releasepoint",278.318,"Yuba R",2022-05-19 19:00:00,2022
"Yuba_2022-215","Releasepoint",278.318,"Yuba R",2022-05-19 19:00:00,2022
"Yuba_2022-216","Releasepoint",278.318,"Yuba R",2022-05-19 19:00:00,2022
"Yuba_2022-217","Releasepoint",278.318,"Yuba R",2022-05-19 19:00:00,2022
"Yuba_2022-218","Releasepoint",278.318,"Yuba R",2022-05-19 19:00:00,2022
"Yuba_2022-219","Releasepoint",278.318,"Yuba R",2022-05-19 19:00:00,2022
"Yuba_2022-220","Releasepoint",278.318,"Yuba R",2022-05-19 19:00:00,2022
"Yuba_2022-221","Releasepoint",278.318,"Yuba R",2022-05-19 19:00:00,2022
"Yuba_2022-222","Releasepoint",278.318,"Yuba R",2022-05-19 19:00:00,2022
"Yuba_2022-223","Releasepoint",278.318,"Yuba R",2022-05-19 19:00:00,2022
"Yuba_2022-224","Releasepoint",278.318,"Yuba R",2022-05-19 19:00:00,2022
"Yuba_2022-225","Releasepoint",278.318,"Yuba R",2022-05-19 19:00:00,2022
"Yuba_2022-226","Releasepoint",278.318,"Yuba R",2022-05-19 19:00:00,2022
"Yuba_2022-227","Releasepoint",278.318,"Yuba R",2022-05-19 19:00:00,2022
"Yuba_2022-228","Releasepoint",278.318,"Yuba R",2022-05-19 19:00:00,2022
"Yuba_2022-229","Releasepoint",278.318,"Yuba R",2022-05-19 19:00:00,2022
"Yuba_2022-230","Releasepoint",278.318,"Yuba R",2022-05-19 19:00:00,2022
"Yuba_2022-231","Releasepoint",278.318,"Yuba R",2022-05-19 19:00:00,2022
"Yuba_2022-232","Releasepoint",278.318,"Yuba R",2022-05-19 19:00:00,2022
"Yuba_2022-233","Releasepoint",278.318,"Yuba R",2022-05-19 19:00:00,2022
"Yuba_2022-234","Releasepoint",278.318,"Yuba R",2022-05-19 19:00:00,2022
"Yuba_2022-235","Releasepoint",278.318,"Yuba R",2022-05-19 19:00:00,2022
"Yuba_2022-236","Releasepoint",278.318,"Yuba R",2022-05-19 19:00:00,2022
"Yuba_2022-237","Releasepoint",278.318,"Yuba R",2022-05-19 19:00:00,2022
"Yuba_2022-238","Releasepoint",278.318,"Yuba R",2022-05-19 19:00:00,2022
"Yuba_2022-239","Releasepoint",278.318,"Yuba R",2022-05-19 19:00:00,2022
"Yuba_2022-240","Releasepoint",278.318,"Yuba R",2022-05-19 19:00:00,2022
"Yuba_2022-241","Releasepoint",278.318,"Yuba R",2022-05-19 19:00:00,2022
"Yuba_2022-242","Releasepoint",278.318,"Yuba R",2022-05-19 19:00:00,2022
"Yuba_2022-243","Releasepoint",278.318,"Yuba R",2022-05-19 19:00:00,2022
"Yuba_2022-244","Releasepoint",278.318,"Yuba R",2022-05-19 19:00:00,2022
"Yuba_2022-245","Releasepoint",278.318,"Yuba R",2022-05-19 19:00:00,2022
"Yuba_2022-246","Releasepoint",278.318,"Yuba R",2022-05-19 19:00:00,2022
"Yuba_2022-247","Releasepoint",278.318,"Yuba R",2022-05-19 19:00:00,2022
"Yuba_2022-248","Releasepoint",278.318,"Yuba R",2022-05-19 19:00:00,2022
"Yuba_2022-249","Releasepoint",278.318,"Yuba R",2022-05-19 19:00:00,2022
"Yuba_2022-250","Releasepoint",278.318,"Yuba R",2022-05-19 19:00:00,2022
"Yuba_2022-251","Releasepoint",278.318,"Yuba R",2022-05-19 19:00:00,2022
"Yuba_2022-252","Releasepoint",278.318,"Yuba R",2022-05-19 19:00:00,2022
"Yuba_2022-253","Releasepoint",278.318,"Yuba R",2022-05-19 19:00:00,2022
"Yuba_2022-254","Releasepoint",278.318,"Yuba R",2022-05-19 19:00:00,2022
"Yuba_2022-255","Releasepoint",278.318,"Yuba R",2022-05-19 19:00:00,2022
"Yuba_2022-256","Releasepoint",278.318,"Yuba R",2022-05-19 19:00:00,2022
"Yuba_2022-257","Releasepoint",278.318,"Yuba R",2022-05-19 19:00:00,2022
"Yuba_2022-258","Releasepoint",278.318,"Yuba R",2022-05-19 19:00:00,2022
"Yuba_2022-259","Releasepoint",278.318,"Yuba R",2022-05-19 19:00:00,2022
"Yuba_2022-260","Releasepoint",278.318,"Yuba R",2022-05-19 19:00:00,2022
"Yuba_2022-261","Releasepoint",278.318,"Yuba R",2022-05-19 19:00:00,2022
"Yuba_2022-262","Releasepoint",278.318,"Yuba R",2022-05-19 19:00:00,2022
"Yuba_2022-263","Releasepoint",278.318,"Yuba R",2022-05-19 19:00:00,2022
"Yuba_2022-264","Releasepoint",278.318,"Yuba R",2022-05-19 19:00:00,2022
"Yuba_2022-265","Releasepoint",278.318,"Yuba R",2022-05-19 19:00:00,2022
"Yuba_2022-266","Releasepoint",278.318,"Yuba R",2022-05-19 19:00:00,2022
"Yuba_2022-267","Releasepoint",278.318,"Yuba R",2022-05-19 19:00:00,2022
"Yuba_2022-268","Releasepoint",278.318,"Yuba R",2022-05-19 19:00:00,2022
"Yuba_2022-269","Releasepoint",278.318,"Yuba R",2022-05-19 19:00:00,2022
"Yuba_2022-270","Releasepoint",278.318,"Yuba R",2022-05-19 19:00:00,2022
"Yuba_2022-271","Releasepoint",278.318,"Yuba R",2022-05-19 19:00:00,2022
"Yuba_2022-272","Releasepoint",278.318,"Yuba R",2022-05-19 19:00:00,2022
"Yuba_2022-273","Releasepoint",278.318,"Yuba R",2022-05-19 19:00:00,2022
"Yuba_2022-274","Releasepoint",278.318,"Yuba R",2022-05-19 19:00:00,2022
"Yuba_2022-275","Releasepoint",278.318,"Yuba R",2022-05-19 19:00:00,2022
"Yuba_2022-276","Releasepoint",278.318,"Yuba R",2022-05-19 19:00:00,2022
"Yuba_2022-277","Releasepoint",278.318,"Yuba R",2022-05-19 19:00:00,2022
"Yuba_2022-278","Releasepoint",278.318,"Yuba R",2022-05-19 19:00:00,2022
"Yuba_2022-279","Releasepoint",278.318,"Yuba R",2022-05-19 19:00:00,2022
"Yuba_2022-280","Releasepoint",278.318,"Yuba R",2022-05-19 19:00:00,2022
"Yuba_2022-281","Releasepoint",278.318,"Yuba R",2022-05-19 19:00:00,2022
"Yuba_2022-282","Releasepoint",278.318,"Yuba R",2022-05-19 19:00:00,2022
"Yuba_2022-283","Releasepoint",278.318,"Yuba R",2022-05-19 19:00:00,2022
"Yuba_2022-284","Releasepoint",278.318,"Yuba R",2022-05-19 19:00:00,2022
"Yuba_2022-285","Releasepoint",278.318,"Yuba R",2022-05-19 19:00:00,2022
"Yuba_2022-286","Releasepoint",278.318,"Yuba R",2022-05-19 19:00:00,2022
"Yuba_2022-287","Releasepoint",278.318,"Yuba R",2022-05-19 19:00:00,2022
"Yuba_2022-288","Releasepoint",278.318,"Yuba R",2022-05-19 19:00:00,2022
"Yuba_2022-289","Releasepoint",278.318,"Yuba R",2022-05-19 19:00:00,2022
"Yuba_2022-290","Releasepoint",278.318,"Yuba R",2022-05-19 19:00:00,2022
"Yuba_2022-291","Releasepoint",278.318,"Yuba R",2022-05-19 19:00:00,2022
"Yuba_2022-292","Releasepoint",278.318,"Yuba R",2022-05-19 19:00:00,2022
"Yuba_2022-293","Releasepoint",278.318,"Yuba R",2022-05-19 19:00:00,2022
"Yuba_2022-294","Releasepoint",278.318,"Yuba R",2022-05-19 19:00:00,2022
"Yuba_2022-295","Releasepoint",278.318,"Yuba R",2022-05-19 19:00:00,2022
"Yuba_2022-296","Releasepoint",278.318,"Yuba R",2022-05-19 19:00:00,2022
"Yuba_2022-297","Releasepoint",278.318,"Yuba R",2022-05-19 19:00:00,2022
"Yuba_2022-298","Releasepoint",278.318,"Yuba R",2022-05-19 19:00:00,2022
"Yuba_2022-299","Releasepoint",278.318,"Yuba R",2022-05-19 19:00:00,2022
"Yuba_2022-300","Releasepoint",278.318,"Yuba R",2022-05-19 19:00:00,2022
"Yuba_2022-301","Releasepoint",278.318,"Yuba R",2022-05-19 19:00:00,2022
"Yuba_2022-302","Releasepoint",278.318,"Yuba R",2022-05-19 19:00:00,2022
"Yuba_2022-303","Releasepoint",278.318,"Yuba R",2022-05-19 19:00:00,2022
"Yuba_2022-304","Releasepoint",278.318,"Yuba R",2022-05-19 19:00:00,2022
"Yuba_2022-305","Releasepoint",278.318,"Yuba R",2022-05-19 19:00:00,2022
"Yuba_2022-306","Releasepoint",278.318,"Yuba R",2022-05-19 19:00:00,2022
"Yuba_2022-307","Releasepoint",278.318,"Yuba R",2022-05-19 19:00:00,2022
"Yuba_2022-308","Releasepoint",278.318,"Yuba R",2022-05-19 19:00:00,2022
"Yuba_2022-309","Releasepoint",278.318,"Yuba R",2022-05-19 19:00:00,2022
"Yuba_2022-310","Releasepoint",278.318,"Yuba R",2022-05-19 19:00:00,2022
"Yuba_2022-311","Releasepoint",278.318,"Yuba R",2022-05-19 19:00:00,2022
"Yuba_2022-312","Releasepoint",278.318,"Yuba R",2022-05-19 19:00:00,2022
"Yuba_2022-313","Releasepoint",278.318,"Yuba R",2022-05-19 19:00:00,2022
"Yuba_2022-314","Releasepoint",278.318,"Yuba R",2022-05-19 19:00:00,2022
"Yuba_2022-315","Releasepoint",278.318,"Yuba R",2022-05-19 19:00:00,2022
"Yuba_2022-316","Releasepoint",278.318,"Yuba R",2022-05-19 19:00:00,2022
"Yuba_2022-317","Releasepoint",278.318,"Yuba R",2022-05-19 19:00:00,2022
"Yuba_2022-318","Releasepoint",278.318,"Yuba R",2022-05-19 19:00:00,2022
"Yuba_2022-319","Releasepoint",278.318,"Yuba R",2022-05-19 19:00:00,2022
"Yuba_2022-320","Releasepoint",278.318,"Yuba R",2022-05-19 19:00:00,2022
"Yuba_2022-321","Releasepoint",278.318,"Yuba R",2022-05-19 19:00:00,2022
"Yuba_2022-322","Releasepoint",278.318,"Yuba R",2022-05-19 19:00:00,2022
"Yuba_2022-323","Releasepoint",278.318,"Yuba R",2022-05-19 19:00:00,2022
"Yuba_2022-324","Releasepoint",278.318,"Yuba R",2022-05-19 19:00:00,2022
"Yuba_2022-325","Releasepoint",278.318,"Yuba R",2022-05-19 19:00:00,2022
"Yuba_2022-326","Releasepoint",278.318,"Yuba R",2022-05-19 19:00:00,2022
"Yuba_2022-327","Releasepoint",278.318,"Yuba R",2022-05-19 19:00:00,2022
"Yuba_2022-328","Releasepoint",278.318,"Yuba R",2022-05-19 19:00:00,2022
"Yuba_2022-329","Releasepoint",278.318,"Yuba R",2022-05-19 19:00:00,2022
"Yuba_2022-330","Releasepoint",278.318,"Yuba R",2022-05-19 19:00:00,2022
"Yuba_2022-331","Releasepoint",278.318,"Yuba R",2022-05-19 19:00:00,2022
"Yuba_2022-332","Releasepoint",278.318,"Yuba R",2022-05-19 19:00:00,2022
"Yuba_2022-333","Releasepoint",278.318,"Yuba R",2022-05-19 19:00:00,2022
"Yuba_2022-334","Releasepoint",278.318,"Yuba R",2022-05-19 19:00:00,2022
"Yuba_2022-335","Releasepoint",278.318,"Yuba R",2022-05-19 19:00:00,2022
"Yuba_2022-336","Releasepoint",278.318,"Yuba R",2022-05-19 19:00:00,2022
"Yuba_2022-337","Releasepoint",278.318,"Yuba R",2022-05-19 19:00:00,2022
"Yuba_2022-338","Releasepoint",278.318,"Yuba R",2022-05-19 19:00:00,2022
"Yuba_2022-339","Releasepoint",278.318,"Yuba R",2022-05-19 19:00:00,2022
"Yuba_2022-340","Releasepoint",278.318,"Yuba R",2022-05-19 19:00:00,2022
"Yuba_2022-341","Releasepoint",278.318,"Yuba R",2022-05-19 19:00:00,2022
"Yuba_2022-342","Releasepoint",278.318,"Yuba R",2022-05-19 19:00:00,2022
"Yuba_2022-343","Releasepoint",278.318,"Yuba R",2022-05-19 19:00:00,2022
"Yuba_2022-344","Releasepoint",278.318,"Yuba R",2022-05-19 19:00:00,2022
"Yuba_2022-345","Releasepoint",278.318,"Yuba R",2022-05-19 19:00:00,2022
"Yuba_2022-346","Releasepoint",278.318,"Yuba R",2022-05-19 19:00:00,2022
"Yuba_2022-347","Releasepoint",278.318,"Yuba R",2022-05-19 19:00:00,2022
"Yuba_2022-348","Releasepoint",278.318,"Yuba R",2022-05-19 19:00:00,2022
"Yuba_2022-349","Releasepoint",278.318,"Yuba R",2022-05-19 19:00:00,2022
"Yuba_2022-350","Releasepoint",278.318,"Yuba R",2022-05-19 19:00:00,2022
"Yuba_2022-351","Releasepoint",278.318,"Yuba R",2022-05-19 19:00:00,2022
"Yuba_2022-352","Releasepoint",278.318,"Yuba R",2022-05-19 19:00:00,2022
"Yuba_2022-353","Releasepoint",278.318,"Yuba R",2022-05-19 19:00:00,2022
"Yuba_2022-354","Releasepoint",278.318,"Yuba R",2022-05-19 19:00:00,2022
"Yuba_2022-355","Releasepoint",278.318,"Yuba R",2022-05-19 19:00:00,2022
"Yuba_2022-356","Releasepoint",278.318,"Yuba R",2022-05-19 19:00:00,2022
"Yuba_2022-357","Releasepoint",278.318,"Yuba R",2022-05-19 19:00:00,2022
"Yuba_2022-358","Releasepoint",278.318,"Yuba R",2022-05-19 19:00:00,2022
"Yuba_2022-359","Releasepoint",278.318,"Yuba R",2022-05-19 19:00:00,2022
"Yuba_2022-360","Releasepoint",278.318,"Yuba R",2022-05-19 19:00:00,2022
"Yuba_2022-361","Releasepoint",278.318,"Yuba R",2022-05-19 19:00:00,2022
"Yuba_2022-362","Releasepoint",278.318,"Yuba R",2022-05-19 19:00:00,2022
"Yuba_2022-363","Releasepoint",278.318,"Yuba R",2022-05-19 19:00:00,2022
"Yuba_2022-364","Releasepoint",278.318,"Yuba R",2022-05-19 19:00:00,2022
"Yuba_2022-365","Releasepoint",278.318,"Yuba R",2022-05-19 19:00:00,2022
"Yuba_2022-366","Releasepoint",278.318,"Yuba R",2022-05-19 19:00:00,2022
"Yuba_2022-367","Releasepoint",278.318,"Yuba R",2022-05-19 19:00:00,2022
"Yuba_2022-368","Releasepoint",278.318,"Yuba R",2022-05-19 19:00:00,2022
"Yuba_2022-369","Releasepoint",278.318,"Yuba R",2022-05-19 19:00:00,2022
"Yuba_2022-370","Releasepoint",278.318,"Yuba R",2022-05-19 19:00:00,2022
"Yuba_2022-371","Releasepoint",278.318,"Yuba R",2022-05-19 19:00:00,2022
"Yuba_2022-372","Releasepoint",278.318,"Yuba R",2022-05-19 19:00:00,2022
"Yuba_2022-373","Releasepoint",278.318,"Yuba R",2022-05-19 19:00:00,2022
"Yuba_2022-374","Releasepoint",278.318,"Yuba R",2022-05-19 19:00:00,2022
"Yuba_2022-375","Releasepoint",278.318,"Yuba R",2022-05-19 19:00:00,2022
"Yuba_2022-376","Releasepoint",278.318,"Yuba R",2022-05-19 19:00:00,2022
"Yuba_2022-377","Releasepoint",278.318,"Yuba R",2022-05-19 19:00:00,2022
"Yuba_2022-378","Releasepoint",278.318,"Yuba R",2022-05-19 19:00:00,2022
"Yuba_2022-379","Releasepoint",278.318,"Yuba R",2022-05-19 19:00:00,2022
"Yuba_2022-380","Releasepoint",278.318,"Yuba R",2022-05-19 19:00:00,2022
"Yuba_2022-381","Releasepoint",278.318,"Yuba R",2022-05-19 19:00:00,2022
"Yuba_2022-382","Releasepoint",278.318,"Yuba R",2022-05-19 19:00:00,2022
"Yuba_2022-383","Releasepoint",278.318,"Yuba R",2022-05-19 19:00:00,2022
"Yuba_2022-384","Releasepoint",278.318,"Yuba R",2022-05-19 19:00:00,2022
"Yuba_2022-385","Releasepoint",278.318,"Yuba R",2022-05-19 19:00:00,2022
"Yuba_2022-386","Releasepoint",278.318,"Yuba R",2022-05-19 19:00:00,2022
"Yuba_2022-387","Releasepoint",278.318,"Yuba R",2022-05-19 19:00:00,2022
"Yuba_2022-388","Releasepoint",278.318,"Yuba R",2022-05-19 19:00:00,2022
"Yuba_2022-389","Releasepoint",278.318,"Yuba R",2022-05-19 19:00:00,2022
"Yuba_2022-390","Releasepoint",278.318,"Yuba R",2022-05-19 19:00:00,2022
"Yuba_2022-391","Releasepoint",278.318,"Yuba R",2022-05-19 19:00:00,2022
"Yuba_2022-392","Releasepoint",278.318,"Yuba R",2022-05-19 19:00:00,2022
"Yuba_2022-393","Releasepoint",278.318,"Yuba R",2022-05-19 19:00:00,2022
"Yuba_2022-394","Releasepoint",278.318,"Yuba R",2022-05-19 19:00:00,2022
"Yuba_2022-395","Releasepoint",278.318,"Yuba R",2022-05-19 19:00:00,2022
"Yuba_2022-396","Releasepoint",278.318,"Yuba R",2022-05-19 19:00:00,2022
"Yuba_2022-397","Releasepoint",278.318,"Yuba R",2022-05-19 19:00:00,2022
"Yuba_2022-398","Releasepoint",278.318,"Yuba R",2022-05-19 19:00:00,2022
"Yuba_2022-399","Releasepoint",278.318,"Yuba R",2022-05-19 19:00:00,2022
"Yuba_2022-400","Releasepoint",278.318,"Yuba R",2022-05-19 19:00:00,2022
"Yuba_2022-401","Releasepoint",278.318,"Yuba R",2022-05-19 19:00:00,2022
"Yuba_2022-402","Releasepoint",278.318,"Yuba R",2022-05-19 19:00:00,2022
"Yuba_2022-403","Releasepoint",278.318,"Yuba R",2022-05-19 19:00:00,2022
"Yuba_2022-404","Releasepoint",278.318,"Yuba R",2022-05-19 19:00:00,2022
"Yuba_2022-405","Releasepoint",278.318,"Yuba R",2022-05-19 19:00:00,2022
"Yuba_2022-406","Releasepoint",278.318,"Yuba R",2022-05-19 19:00:00,2022
"Yuba_2022-407","Releasepoint",278.318,"Yuba R",2022-05-19 19:00:00,2022
"Yuba_2022-408","Releasepoint",278.318,"Yuba R",2022-05-19 19:00:00,2022
"Yuba_2022-409","Releasepoint",278.318,"Yuba R",2022-05-19 19:00:00,2022
"Yuba_2022-410","Releasepoint",278.318,"Yuba R",2022-05-19 19:00:00,2022
"Yuba_2022-411","Releasepoint",278.318,"Yuba R",2022-05-19 19:00:00,2022
"Yuba_2022-412","Releasepoint",278.318,"Yuba R",2022-05-19 19:00:00,2022
"Yuba_2022-413","Releasepoint",278.318,"Yuba R",2022-05-19 19:00:00,2022
"Yuba_2022-414","Releasepoint",278.318,"Yuba R",2022-05-19 19:00:00,2022
"Yuba_2022-415","Releasepoint",278.318,"Yuba R",2022-05-19 19:00:00,2022
"Yuba_2022-416","Releasepoint",278.318,"Yuba R",2022-05-19 19:00:00,2022
"Yuba_2022-417","Releasepoint",278.318,"Yuba R",2022-05-19 19:00:00,2022
"Yuba_2022-418","Releasepoint",278.318,"Yuba R",2022-05-19 19:00:00,2022
"Yuba_2022-419","Releasepoint",278.318,"Yuba R",2022-05-19 19:00:00,2022
"Yuba_2022-420","Releasepoint",278.318,"Yuba R",2022-05-19 19:00:00,2022
"Yuba_2022-421","Releasepoint",278.318,"Yuba R",2022-05-19 19:00:00,2022
"Yuba_2024-001","Releasepoint",278.318,"Yuba R",2024-05-16 18:17:00,2024
"Yuba_2024-002","Releasepoint",278.318,"Yuba R",2024-05-16 18:17:00,2024
"Yuba_2024-003","Releasepoint",278.318,"Yuba R",2024-05-16 18:17:00,2024
"Yuba_2024-004","Releasepoint",278.318,"Yuba R",2024-05-16 18:17:00,2024
"Yuba_2024-005","Releasepoint",278.318,"Yuba R",2024-05-16 18:10:00,2024
"Yuba_2024-006","Releasepoint",278.318,"Yuba R",2024-05-16 18:17:00,2024
"Yuba_2024-007","Releasepoint",278.318,"Yuba R",2024-05-16 18:10:00,2024
"Yuba_2024-008","Releasepoint",278.318,"Yuba R",2024-05-16 18:17:00,2024
"Yuba_2024-009","Releasepoint",278.318,"Yuba R",2024-05-16 18:17:00,2024
"Yuba_2024-010","Releasepoint",278.318,"Yuba R",2024-05-16 18:17:00,2024
"Yuba_2024-010","Sacramento",166.8225,"Lower Sac R",2024-05-20 02:21:55,2024
"Yuba_2024-011","Releasepoint",278.318,"Yuba R",2024-05-16 18:17:00,2024
"Yuba_2024-012","Releasepoint",278.318,"Yuba R",2024-05-16 18:17:00,2024
"Yuba_2024-013","Releasepoint",278.318,"Yuba R",2024-05-16 18:17:00,2024
"Yuba_2024-014","Releasepoint",278.318,"Yuba R",2024-05-16 18:10:00,2024
"Yuba_2024-015","Releasepoint",278.318,"Yuba R",2024-05-16 18:17:00,2024
"Yuba_2024-016","Releasepoint",278.318,"Yuba R",2024-05-16 18:17:00,2024
"Yuba_2024-017","Releasepoint",278.318,"Yuba R",2024-05-16 18:17:00,2024
"Yuba_2024-018","Releasepoint",278.318,"Yuba R",2024-05-16 18:17:00,2024
"Yuba_2024-018","Sacramento",166.8225,"Lower Sac R",2024-05-20 19:15:09,2024
"Yuba_2024-019","Releasepoint",278.318,"Yuba R",2024-05-16 18:17:00,2024
"Yuba_2024-020","Releasepoint",278.318,"Yuba R",2024-05-16 18:10:00,2024
"Yuba_2024-021","Releasepoint",278.318,"Yuba R",2024-05-16 18:10:00,2024
"Yuba_2024-022","Releasepoint",278.318,"Yuba R",2024-05-16 18:17:00,2024
"Yuba_2024-023","Releasepoint",278.318,"Yuba R",2024-05-16 18:17:00,2024
"Yuba_2024-024","Releasepoint",278.318,"Yuba R",2024-05-16 18:17:00,2024
"Yuba_2024-025","Releasepoint",278.318,"Yuba R",2024-05-16 18:17:00,2024
"Yuba_2024-025","Sacramento",166.8225,"Lower Sac R",2024-05-19 11:23:47,2024
"Yuba_2024-026","Releasepoint",278.318,"Yuba R",2024-05-16 18:17:00,2024
"Yuba_2024-027","Releasepoint",278.318,"Yuba R",2024-05-16 18:17:00,2024
"Yuba_2024-028","Releasepoint",278.318,"Yuba R",2024-05-16 18:17:00,2024
"Yuba_2024-029","Releasepoint",278.318,"Yuba R",2024-05-16 18:17:00,2024
"Yuba_2024-030","Releasepoint",278.318,"Yuba R",2024-05-16 18:17:00,2024
"Yuba_2024-031","Releasepoint",278.318,"Yuba R",2024-05-16 18:10:00,2024
"Yuba_2024-031","Sacramento",166.8225,"Lower Sac R",2024-05-18 17:24:44,2024
"Yuba_2024-032","Releasepoint",278.318,"Yuba R",2024-05-16 18:17:00,2024
"Yuba_2024-033","Releasepoint",278.318,"Yuba R",2024-05-16 18:17:00,2024
"Yuba_2024-034","Releasepoint",278.318,"Yuba R",2024-05-16 18:17:00,2024
"Yuba_2024-035","Releasepoint",278.318,"Yuba R",2024-05-16 18:17:00,2024
"Yuba_2024-036","Releasepoint",278.318,"Yuba R",2024-05-16 18:10:00,2024
"Yuba_2024-037","Releasepoint",278.318,"Yuba R",2024-05-16 18:17:00,2024
"Yuba_2024-038","Releasepoint",278.318,"Yuba R",2024-05-16 18:17:00,2024
"Yuba_2024-039","Releasepoint",278.318,"Yuba R",2024-05-16 18:17:00,2024
"Yuba_2024-040","Releasepoint",278.318,"Yuba R",2024-05-16 18:17:00,2024
"Yuba_2024-041","Releasepoint",278.318,"Yuba R",2024-05-16 18:17:00,2024
"Yuba_2024-042","Releasepoint",278.318,"Yuba R",2024-05-16 18:10:00,2024
"Yuba_2024-043","Releasepoint",278.318,"Yuba R",2024-05-16 18:17:00,2024
"Yuba_2024-043","Sacramento",166.8225,"Lower Sac R",2024-05-19 13:02:15,2024
"Yuba_2024-044","Releasepoint",278.318,"Yuba R",2024-05-16 18:17:00,2024
"Yuba_2024-044","Sacramento",166.8225,"Lower Sac R",2024-05-19 09:27:12,2024
"Yuba_2024-045","Releasepoint",278.318,"Yuba R",2024-05-16 18:10:00,2024
"Yuba_2024-046","Releasepoint",278.318,"Yuba R",2024-05-16 18:10:00,2024
"Yuba_2024-047","Releasepoint",278.318,"Yuba R",2024-05-16 18:17:00,2024
"Yuba_2024-048","Releasepoint",278.318,"Yuba R",2024-05-16 18:17:00,2024
"Yuba_2024-049","Releasepoint",278.318,"Yuba R",2024-05-16 18:17:00,2024
"Yuba_2024-050","Releasepoint",278.318,"Yuba R",2024-05-16 18:17:00,2024
"Yuba_2024-051","Releasepoint",278.318,"Yuba R",2024-05-16 18:17:00,2024
"Yuba_2024-052","Releasepoint",278.318,"Yuba R",2024-05-16 18:17:00,2024
"Yuba_2024-053","Releasepoint",278.318,"Yuba R",2024-05-16 18:17:00,2024
"Yuba_2024-054","Releasepoint",278.318,"Yuba R",2024-05-16 18:17:00,2024
"Yuba_2024-055","Releasepoint",278.318,"Yuba R",2024-05-16 18:17:00,2024
"Yuba_2024-056","Releasepoint",278.318,"Yuba R",2024-05-16 18:10:00,2024
"Yuba_2024-057","Releasepoint",278.318,"Yuba R",2024-05-16 18:17:00,2024
"Yuba_2024-058","Releasepoint",278.318,"Yuba R",2024-05-16 18:10:00,2024
"Yuba_2024-059","Releasepoint",278.318,"Yuba R",2024-05-16 18:17:00,2024
"Yuba_2024-060","Releasepoint",278.318,"Yuba R",2024-05-16 18:17:00,2024
"Yuba_2024-060","Sacramento",166.8225,"Lower Sac R",2024-05-23 23:15:48,2024
"Yuba_2024-060","Endpoint",61.815,"End",2024-05-26 21:37:18,2024
"Yuba_2024-061","Releasepoint",278.318,"Yuba R",2024-05-16 18:17:00,2024
"Yuba_2024-062","Releasepoint",278.318,"Yuba R",2024-05-16 18:17:00,2024
"Yuba_2024-063","Releasepoint",278.318,"Yuba R",2024-05-16 18:17:00,2024
"Yuba_2024-063","Sacramento",166.8225,"Lower Sac R",2024-06-02 00:29:58,2024
"Yuba_2024-064","Releasepoint",278.318,"Yuba R",2024-05-16 18:17:00,2024
"Yuba_2024-065","Releasepoint",278.318,"Yuba R",2024-05-16 18:17:00,2024
"Yuba_2024-066","Releasepoint",278.318,"Yuba R",2024-05-16 18:17:00,2024
"Yuba_2024-067","Releasepoint",278.318,"Yuba R",2024-05-16 18:17:00,2024
"Yuba_2024-068","Releasepoint",278.318,"Yuba R",2024-05-16 18:17:00,2024
"Yuba_2024-069","Releasepoint",278.318,"Yuba R",2024-05-16 18:17:00,2024
"Yuba_2024-070","Releasepoint",278.318,"Yuba R",2024-05-16 18:17:00,2024
"Yuba_2024-071","Releasepoint",278.318,"Yuba R",2024-05-16 18:17:00,2024
"Yuba_2024-072","Releasepoint",278.318,"Yuba R",2024-05-16 18:17:00,2024
"Yuba_2024-073","Releasepoint",278.318,"Yuba R",2024-05-16 18:17:00,2024
"Yuba_2024-073","Sacramento",166.8225,"Lower Sac R",2024-05-27 16:34:29,2024
"Yuba_2024-074","Releasepoint",278.318,"Yuba R",2024-05-16 18:10:00,2024
"Yuba_2024-074","Sacramento",166.8225,"Lower Sac R",2024-05-19 14:52:17,2024
"Yuba_2024-075","Releasepoint",278.318,"Yuba R",2024-05-16 18:17:00,2024
"Yuba_2024-076","Releasepoint",278.318,"Yuba R",2024-05-16 18:17:00,2024
"Yuba_2024-077","Releasepoint",278.318,"Yuba R",2024-05-16 18:17:00,2024
"Yuba_2024-078","Releasepoint",278.318,"Yuba R",2024-05-16 18:17:00,2024
"Yuba_2024-079","Releasepoint",278.318,"Yuba R",2024-05-16 18:10:00,2024
"Yuba_2024-079","Sacramento",166.8225,"Lower Sac R",2024-05-23 01:28:21,2024
"Yuba_2024-080","Releasepoint",278.318,"Yuba R",2024-05-16 18:17:00,2024
"Yuba_2024-081","Releasepoint",278.318,"Yuba R",2024-05-16 18:17:00,2024
"Yuba_2024-082","Releasepoint",278.318,"Yuba R",2024-05-16 18:10:00,2024
"Yuba_2024-083","Releasepoint",278.318,"Yuba R",2024-05-16 18:10:00,2024
"Yuba_2024-084","Releasepoint",278.318,"Yuba R",2024-05-16 18:17:00,2024
"Yuba_2024-085","Releasepoint",278.318,"Yuba R",2024-05-16 18:17:00,2024
"Yuba_2024-086","Releasepoint",278.318,"Yuba R",2024-05-16 18:10:00,2024
"Yuba_2024-087","Releasepoint",278.318,"Yuba R",2024-05-16 18:17:00,2024
"Yuba_2024-088","Releasepoint",278.318,"Yuba R",2024-05-16 18:17:00,2024
"Yuba_2024-089","Releasepoint",278.318,"Yuba R",2024-05-16 18:17:00,2024
"Yuba_2024-090","Releasepoint",278.318,"Yuba R",2024-05-16 18:17:00,2024
"Yuba_2024-090","Sacramento",166.8225,"Lower Sac R",2024-05-19 12:05:42,2024
"Yuba_2024-091","Releasepoint",278.318,"Yuba R",2024-05-16 18:17:00,2024
"Yuba_2024-092","Releasepoint",278.318,"Yuba R",2024-05-16 18:17:00,2024
"Yuba_2024-093","Releasepoint",278.318,"Yuba R",2024-05-16 18:17:00,2024
"Yuba_2024-094","Releasepoint",278.318,"Yuba R",2024-05-16 18:17:00,2024
"Yuba_2024-095","Releasepoint",278.318,"Yuba R",2024-05-16 18:10:00,2024
"Yuba_2024-096","Releasepoint",278.318,"Yuba R",2024-05-16 18:10:00,2024
"Yuba_2024-097","Releasepoint",278.318,"Yuba R",2024-05-16 18:10:00,2024
"Yuba_2024-098","Releasepoint",278.318,"Yuba R",2024-05-16 18:17:00,2024
"Yuba_2024-099","Releasepoint",278.318,"Yuba R",2024-05-16 18:17:00,2024
"Yuba_2024-100","Releasepoint",278.318,"Yuba R",2024-05-16 18:10:00,2024
"Yuba_2024-101","Releasepoint",278.318,"Yuba R",2024-05-16 18:17:00,2024
"Yuba_2024-102","Releasepoint",278.318,"Yuba R",2024-05-16 18:17:00,2024
"Yuba_2024-103","Releasepoint",278.318,"Yuba R",2024-05-16 18:10:00,2024
"Yuba_2024-104","Releasepoint",278.318,"Yuba R",2024-05-16 18:17:00,2024
"Yuba_2024-105","Releasepoint",278.318,"Yuba R",2024-05-16 18:17:00,2024
"Yuba_2024-106","Releasepoint",278.318,"Yuba R",2024-05-16 18:17:00,2024
"Yuba_2024-106","Sacramento",166.8225,"Lower Sac R",2024-05-19 10:00:05,2024
"Yuba_2024-107","Releasepoint",278.318,"Yuba R",2024-05-16 18:17:00,2024
"Yuba_2024-108","Releasepoint",278.318,"Yuba R",2024-05-16 18:17:00,2024
"Yuba_2024-109","Releasepoint",278.318,"Yuba R",2024-05-16 18:17:00,2024
"Yuba_2024-110","Releasepoint",278.318,"Yuba R",2024-05-16 18:17:00,2024
"Yuba_2024-111","Releasepoint",278.318,"Yuba R",2024-05-16 18:17:00,2024
"Yuba_2024-112","Releasepoint",278.318,"Yuba R",2024-05-16 18:17:00,2024
"Yuba_2024-112","Sacramento",166.8225,"Lower Sac R",2024-05-26 05:23:31,2024
"Yuba_2024-113","Releasepoint",278.318,"Yuba R",2024-05-16 18:17:00,2024
"Yuba_2024-114","Releasepoint",278.318,"Yuba R",2024-05-16 18:10:00,2024
"Yuba_2024-115","Releasepoint",278.318,"Yuba R",2024-05-16 18:10:00,2024
"Yuba_2024-116","Releasepoint",278.318,"Yuba R",2024-05-16 18:17:00,2024
"Yuba_2024-117","Releasepoint",278.318,"Yuba R",2024-05-16 18:17:00,2024
"Yuba_2024-118","Releasepoint",278.318,"Yuba R",2024-05-16 18:10:00,2024
"Yuba_2024-119","Releasepoint",278.318,"Yuba R",2024-05-16 18:17:00,2024
"Yuba_2024-120","Releasepoint",278.318,"Yuba R",2024-05-16 18:17:00,2024
"Yuba_2024-121","Releasepoint",278.318,"Yuba R",2024-05-16 18:17:00,2024
"Yuba_2024-122","Releasepoint",278.318,"Yuba R",2024-05-16 18:10:00,2024
"Yuba_2024-123","Releasepoint",278.318,"Yuba R",2024-05-16 18:17:00,2024
"Yuba_2024-124","Releasepoint",278.318,"Yuba R",2024-05-16 18:17:00,2024
"Yuba_2024-125","Releasepoint",278.318,"Yuba R",2024-05-16 18:17:00,2024
"Yuba_2024-126","Releasepoint",278.318,"Yuba R",2024-05-16 18:17:00,2024
"Yuba_2024-127","Releasepoint",278.318,"Yuba R",2024-05-16 18:17:00,2024
"Yuba_2024-128","Releasepoint",278.318,"Yuba R",2024-05-16 18:17:00,2024
"Yuba_2024-129","Releasepoint",278.318,"Yuba R",2024-05-16 18:17:00,2024
"Yuba_2024-130","Releasepoint",278.318,"Yuba R",2024-05-16 18:17:00,2024
"Yuba_2024-131","Releasepoint",278.318,"Yuba R",2024-05-16 18:17:00,2024
"Yuba_2024-132","Releasepoint",278.318,"Yuba R",2024-05-16 18:10:00,2024
"Yuba_2024-133","Releasepoint",278.318,"Yuba R",2024-05-16 18:17:00,2024
"Yuba_2024-134","Releasepoint",278.318,"Yuba R",2024-05-16 18:17:00,2024
"Yuba_2024-135","Releasepoint",278.318,"Yuba R",2024-05-16 18:17:00,2024
"Yuba_2024-136","Releasepoint",278.318,"Yuba R",2024-05-16 18:10:00,2024
"Yuba_2024-137","Releasepoint",278.318,"Yuba R",2024-05-16 18:17:00,2024
"Yuba_2024-138","Releasepoint",278.318,"Yuba R",2024-05-16 18:17:00,2024
"Yuba_2024-139","Releasepoint",278.318,"Yuba R",2024-05-16 18:17:00,2024
"Yuba_2024-140","Releasepoint",278.318,"Yuba R",2024-05-16 18:10:00,2024
"Yuba_2024-141","Releasepoint",278.318,"Yuba R",2024-05-16 18:17:00,2024
"Yuba_2024-142","Releasepoint",278.318,"Yuba R",2024-05-16 18:17:00,2024
"Yuba_2024-143","Releasepoint",278.318,"Yuba R",2024-05-16 18:17:00,2024
"Yuba_2024-144","Releasepoint",278.318,"Yuba R",2024-05-16 18:17:00,2024
"Yuba_2024-145","Releasepoint",278.318,"Yuba R",2024-05-16 18:17:00,2024
"Yuba_2024-146","Releasepoint",278.318,"Yuba R",2024-05-16 18:17:00,2024
"Yuba_2024-147","Releasepoint",278.318,"Yuba R",2024-05-16 18:17:00,2024
"Yuba_2024-148","Releasepoint",278.318,"Yuba R",2024-05-16 18:10:00,2024
"Yuba_2024-149","Releasepoint",278.318,"Yuba R",2024-05-16 18:17:00,2024
"Yuba_2024-150","Releasepoint",278.318,"Yuba R",2024-05-16 18:17:00,2024
"Yuba_2024-151","Releasepoint",278.318,"Yuba R",2024-05-16 18:17:00,2024
"Yuba_2024-152","Releasepoint",278.318,"Yuba R",2024-05-16 18:17:00,2024
"Yuba_2024-153","Releasepoint",278.318,"Yuba R",2024-05-16 18:17:00,2024
"Yuba_2024-154","Releasepoint",278.318,"Yuba R",2024-05-16 18:17:00,2024
"Yuba_2024-155","Releasepoint",278.318,"Yuba R",2024-05-16 18:17:00,2024
"Yuba_2024-156","Releasepoint",278.318,"Yuba R",2024-05-16 18:17:00,2024
"Yuba_2024-157","Releasepoint",278.318,"Yuba R",2024-05-16 18:17:00,2024
"Yuba_2024-158","Releasepoint",278.318,"Yuba R",2024-05-16 18:17:00,2024
"Yuba_2024-159","Releasepoint",278.318,"Yuba R",2024-05-16 18:17:00,2024
"Yuba_2024-159","Sacramento",166.8225,"Lower Sac R",2024-05-19 08:09:36,2024
"Yuba_2024-160","Releasepoint",278.318,"Yuba R",2024-05-16 18:10:00,2024
"Yuba_2024-161","Releasepoint",278.318,"Yuba R",2024-05-16 18:17:00,2024
"Yuba_2024-162","Releasepoint",278.318,"Yuba R",2024-05-16 18:17:00,2024
"Yuba_2024-163","Releasepoint",278.318,"Yuba R",2024-05-16 18:17:00,2024
"Yuba_2024-164","Releasepoint",278.318,"Yuba R",2024-05-16 18:17:00,2024
"Yuba_2024-165","Releasepoint",278.318,"Yuba R",2024-05-16 18:17:00,2024
"Yuba_2024-166","Releasepoint",278.318,"Yuba R",2024-05-16 18:17:00,2024
"Yuba_2024-167","Releasepoint",278.318,"Yuba R",2024-05-16 18:17:00,2024
"Yuba_2024-168","Releasepoint",278.318,"Yuba R",2024-05-16 18:17:00,2024
"Yuba_2024-169","Releasepoint",278.318,"Yuba R",2024-05-16 18:17:00,2024
"Yuba_2024-170","Releasepoint",278.318,"Yuba R",2024-05-16 18:17:00,2024
"Yuba_2024-171","Releasepoint",278.318,"Yuba R",2024-05-16 18:17:00,2024
"Yuba_2024-171","Sacramento",166.8225,"Lower Sac R",2024-05-19 09:18:34,2024
"Yuba_2024-172","Releasepoint",278.318,"Yuba R",2024-05-16 18:17:00,2024
"Yuba_2024-173","Releasepoint",278.318,"Yuba R",2024-05-16 18:17:00,2024
"Yuba_2024-174","Releasepoint",278.318,"Yuba R",2024-05-16 18:17:00,2024
"Yuba_2024-175","Releasepoint",278.318,"Yuba R",2024-05-16 18:17:00,2024
"Yuba_2024-176","Releasepoint",278.318,"Yuba R",2024-05-16 18:17:00,2024
"Yuba_2024-177","Releasepoint",278.318,"Yuba R",2024-05-16 18:17:00,2024
"Yuba_2024-178","Releasepoint",278.318,"Yuba R",2024-05-16 18:17:00,2024
"Yuba_2024-179","Releasepoint",278.318,"Yuba R",2024-05-16 18:17:00,2024
"Yuba_2024-180","Releasepoint",278.318,"Yuba R",2024-05-16 18:17:00,2024
"Yuba_2024-181","Releasepoint",278.318,"Yuba R",2024-05-16 18:17:00,2024
"Yuba_2024-182","Releasepoint",278.318,"Yuba R",2024-05-16 18:17:00,2024
"Yuba_2024-183","Releasepoint",278.318,"Yuba R",2024-05-16 18:17:00,2024
"Yuba_2024-183","Sacramento",166.8225,"Lower Sac R",2024-05-20 22:21:58,2024
"Yuba_2024-184","Releasepoint",278.318,"Yuba R",2024-05-16 18:17:00,2024
"Yuba_2024-185","Releasepoint",278.318,"Yuba R",2024-05-16 18:17:00,2024
"Yuba_2024-186","Releasepoint",278.318,"Yuba R",2024-05-16 18:17:00,2024
"Yuba_2024-186","Sacramento",166.8225,"Lower Sac R",2024-05-21 10:47:17,2024
"Yuba_2024-187","Releasepoint",278.318,"Yuba R",2024-05-16 18:17:00,2024
"Yuba_2024-187","Sacramento",166.8225,"Lower Sac R",2024-05-27 09:03:44,2024
"Yuba_2024-188","Releasepoint",278.318,"Yuba R",2024-05-16 18:17:00,2024
"Yuba_2024-189","Releasepoint",278.318,"Yuba R",2024-05-16 18:17:00,2024
"Yuba_2024-190","Releasepoint",278.318,"Yuba R",2024-05-16 18:17:00,2024
"Yuba_2024-191","Releasepoint",278.318,"Yuba R",2024-05-16 18:17:00,2024
"Yuba_2024-192","Releasepoint",278.318,"Yuba R",2024-05-16 18:17:00,2024
"Yuba_2024-193","Releasepoint",278.318,"Yuba R",2024-05-16 18:17:00,2024
"Yuba_2024-194","Releasepoint",278.318,"Yuba R",2024-05-16 18:17:00,2024
"Yuba_2024-195","Releasepoint",278.318,"Yuba R",2024-05-16 18:17:00,2024
"Yuba_2024-196","Releasepoint",278.318,"Yuba R",2024-05-16 18:17:00,2024
"Yuba_2024-197","Releasepoint",278.318,"Yuba R",2024-05-16 18:17:00,2024
"Yuba_2024-198","Releasepoint",278.318,"Yuba R",2024-05-16 18:17:00,2024
"Yuba_2024-199","Releasepoint",278.318,"Yuba R",2024-05-16 18:17:00,2024
"Yuba_2024-200","Releasepoint",278.318,"Yuba R",2024-05-16 18:17:00,2024
"Yuba_2024-201","Releasepoint",278.318,"Yuba R",2024-05-16 18:17:00,2024
"Yuba_2024-202","Releasepoint",278.318,"Yuba R",2024-05-16 18:17:00,2024
"Yuba_2024-203","Releasepoint",278.318,"Yuba R",2024-05-16 18:17:00,2024
"Yuba_2024-204","Releasepoint",278.318,"Yuba R",2024-05-16 18:17:00,2024
"Yuba_2024-205","Releasepoint",278.318,"Yuba R",2024-05-16 18:17:00,2024
"Yuba_2024-206","Releasepoint",278.318,"Yuba R",2024-05-16 18:17:00,2024
"Yuba_2024-207","Releasepoint",278.318,"Yuba R",2024-05-16 18:17:00,2024
"Yuba_2024-208","Releasepoint",278.318,"Yuba R",2024-05-16 18:17:00,2024
"Yuba_2024-209","Releasepoint",278.318,"Yuba R",2024-05-16 18:17:00,2024
"Yuba_2024-210","Releasepoint",278.318,"Yuba R",2024-05-16 18:17:00,2024
"Yuba_2024-211","Releasepoint",278.318,"Yuba R",2024-05-16 18:17:00,2024
"Yuba_2024-212","Releasepoint",278.318,"Yuba R",2024-05-16 18:17:00,2024
"Yuba_2024-213","Releasepoint",278.318,"Yuba R",2024-05-16 18:17:00,2024
"Yuba_2024-214","Releasepoint",278.318,"Yuba R",2024-05-16 18:17:00,2024
"Yuba_2024-215","Releasepoint",278.318,"Yuba R",2024-05-16 18:17:00,2024
"Yuba_2024-216","Releasepoint",278.318,"Yuba R",2024-05-16 18:17:00,2024
"Yuba_2024-217","Releasepoint",278.318,"Yuba R",2024-05-16 18:17:00,2024
"Yuba_2024-217","Sacramento",166.8225,"Lower Sac R",2024-05-31 14:35:06,2024
"Yuba_2024-218","Releasepoint",278.318,"Yuba R",2024-05-16 18:10:00,2024
"Yuba_2024-219","Releasepoint",278.318,"Yuba R",2024-05-16 18:17:00,2024
"Yuba_2024-220","Releasepoint",278.318,"Yuba R",2024-05-16 18:17:00,2024
"Yuba_2024-220","Sacramento",166.8225,"Lower Sac R",2024-05-21 04:32:02,2024
"Yuba_2024-221","Releasepoint",278.318,"Yuba R",2024-05-16 18:17:00,2024
"Yuba_2024-222","Releasepoint",278.318,"Yuba R",2024-05-16 18:17:00,2024
"Yuba_2024-223","Releasepoint",278.318,"Yuba R",2024-05-16 18:17:00,2024
"Yuba_2024-224","Releasepoint",278.318,"Yuba R",2024-05-16 18:17:00,2024
"Yuba_2024-225","Releasepoint",278.318,"Yuba R",2024-05-16 18:17:00,2024
"Yuba_2024-225","Sacramento",166.8225,"Lower Sac R",2024-05-19 18:13:53,2024
"Yuba_2024-226","Releasepoint",278.318,"Yuba R",2024-05-16 18:17:00,2024
"Yuba_2024-227","Releasepoint",278.318,"Yuba R",2024-05-16 18:17:00,2024
"Yuba_2024-228","Releasepoint",278.318,"Yuba R",2024-05-16 18:17:00,2024
"Yuba_2024-229","Releasepoint",278.318,"Yuba R",2024-05-16 18:10:00,2024
"Yuba_2024-229","Sacramento",166.8225,"Lower Sac R",2024-05-19 08:04:15,2024
"Yuba_2024-230","Releasepoint",278.318,"Yuba R",2024-05-16 18:17:00,2024
"Yuba_2024-231","Releasepoint",278.318,"Yuba R",2024-05-16 18:17:00,2024
"Yuba_2024-232","Releasepoint",278.318,"Yuba R",2024-05-16 18:17:00,2024
"Yuba_2024-233","Releasepoint",278.318,"Yuba R",2024-05-16 18:10:00,2024
"Yuba_2024-234","Releasepoint",278.318,"Yuba R",2024-05-16 18:17:00,2024
"Yuba_2024-235","Releasepoint",278.318,"Yuba R",2024-05-16 18:17:00,2024
"Yuba_2024-236","Releasepoint",278.318,"Yuba R",2024-05-16 18:17:00,2024
"Yuba_2024-237","Releasepoint",278.318,"Yuba R",2024-05-16 18:17:00,2024
"Yuba_2024-238","Releasepoint",278.318,"Yuba R",2024-05-16 18:10:00,2024
"Yuba_2024-239","Releasepoint",278.318,"Yuba R",2024-05-16 18:10:00,2024
"Yuba_2024-239","Sacramento",166.8225,"Lower Sac R",2024-05-27 13:11:33,2024
"Yuba_2024-240","Releasepoint",278.318,"Yuba R",2024-05-16 18:17:00,2024
"Yuba_2024-241","Releasepoint",278.318,"Yuba R",2024-05-16 18:17:00,2024
"Yuba_2024-242","Releasepoint",278.318,"Yuba R",2024-05-16 18:10:00,2024
"Yuba_2024-243","Releasepoint",278.318,"Yuba R",2024-05-16 18:17:00,2024
"Yuba_2024-244","Releasepoint",278.318,"Yuba R",2024-05-16 18:17:00,2024
"Yuba_2024-245","Releasepoint",278.318,"Yuba R",2024-05-16 18:17:00,2024
"Yuba_2024-246","Releasepoint",278.318,"Yuba R",2024-05-16 18:17:00,2024
"Yuba_2024-246","Sacramento",166.8225,"Lower Sac R",2024-05-21 19:23:37,2024
"Yuba_2024-246","Endpoint",61.815,"End",2024-05-23 09:21:44,2024
"Yuba_2024-247","Releasepoint",278.318,"Yuba R",2024-05-16 18:17:00,2024
"Yuba_2024-247","Sacramento",166.8225,"Lower Sac R",2024-05-19 15:53:04,2024
"Yuba_2024-248","Releasepoint",278.318,"Yuba R",2024-05-16 18:10:00,2024
"Yuba_2024-249","Releasepoint",278.318,"Yuba R",2024-05-16 18:10:00,2024
"Yuba_2024-250","Releasepoint",278.318,"Yuba R",2024-05-16 18:10:00,2024
"Yuba_2024-251","Releasepoint",278.318,"Yuba R",2024-05-16 18:10:00,2024
"Yuba_2024-252","Releasepoint",278.318,"Yuba R",2024-05-16 18:10:00,2024
"Yuba_2024-253","Releasepoint",278.318,"Yuba R",2024-05-16 18:10:00,2024
"Yuba_2024-254","Releasepoint",278.318,"Yuba R",2024-05-16 18:10:00,2024
"Yuba_2024-255","Releasepoint",278.318,"Yuba R",2024-05-16 18:10:00,2024
"Yuba_2024-256","Releasepoint",278.318,"Yuba R",2024-05-16 18:10:00,2024
"Yuba_2024-257","Releasepoint",278.318,"Yuba R",2024-05-16 18:10:00,2024
"Yuba_2024-257","Sacramento",166.8225,"Lower Sac R",2024-05-19 09:00:04,2024
"Yuba_2024-258","Releasepoint",278.318,"Yuba R",2024-05-16 18:10:00,2024
"Yuba_2024-259","Releasepoint",278.318,"Yuba R",2024-05-16 18:10:00,2024
"Yuba_2024-260","Releasepoint",278.318,"Yuba R",2024-05-16 18:10:00,2024
"Yuba_2024-261","Releasepoint",278.318,"Yuba R",2024-05-16 18:10:00,2024
"Yuba_2024-262","Releasepoint",278.318,"Yuba R",2024-05-16 18:10:00,2024
"Yuba_2024-263","Releasepoint",278.318,"Yuba R",2024-05-16 18:10:00,2024
"Yuba_2024-263","Sacramento",166.8225,"Lower Sac R",2024-05-18 14:10:01,2024
"Yuba_2024-264","Releasepoint",278.318,"Yuba R",2024-05-16 18:10:00,2024
"Yuba_2024-265","Releasepoint",278.318,"Yuba R",2024-05-16 18:10:00,2024
"Yuba_2024-266","Releasepoint",278.318,"Yuba R",2024-05-16 18:10:00,2024
"Yuba_2024-267","Releasepoint",278.318,"Yuba R",2024-05-16 18:10:00,2024
"Yuba_2024-268","Releasepoint",278.318,"Yuba R",2024-05-16 18:10:00,2024
"Yuba_2024-269","Releasepoint",278.318,"Yuba R",2024-05-16 18:10:00,2024
"Yuba_2024-270","Releasepoint",278.318,"Yuba R",2024-05-16 18:10:00,2024
"Yuba_2024-271","Releasepoint",278.318,"Yuba R",2024-05-16 18:10:00,2024
"Yuba_2024-272","Releasepoint",278.318,"Yuba R",2024-05-16 18:10:00,2024
"Yuba_2024-273","Releasepoint",278.318,"Yuba R",2024-05-16 18:10:00,2024
"Yuba_2024-274","Releasepoint",278.318,"Yuba R",2024-05-16 18:10:00,2024
"Yuba_2024-275","Releasepoint",278.318,"Yuba R",2024-05-16 18:10:00,2024
"Yuba_2024-276","Releasepoint",278.318,"Yuba R",2024-05-16 18:10:00,2024
"Yuba_2024-276","Sacramento",166.8225,"Lower Sac R",2024-05-19 05:24:15,2024
"Yuba_2024-277","Releasepoint",278.318,"Yuba R",2024-05-16 18:10:00,2024
"Yuba_2024-278","Releasepoint",278.318,"Yuba R",2024-05-16 18:10:00,2024
"Yuba_2024-279","Releasepoint",278.318,"Yuba R",2024-05-16 18:10:00,2024
"Yuba_2024-280","Releasepoint",278.318,"Yuba R",2024-05-16 18:10:00,2024
"Yuba_2024-281","Releasepoint",278.318,"Yuba R",2024-05-16 18:10:00,2024
"Yuba_2024-282","Releasepoint",278.318,"Yuba R",2024-05-16 18:10:00,2024
"Yuba_2024-282","Sacramento",166.8225,"Lower Sac R",2024-05-24 09:39:28,2024
"Yuba_2024-283","Releasepoint",278.318,"Yuba R",2024-05-16 18:10:00,2024
"Yuba_2024-284","Releasepoint",278.318,"Yuba R",2024-05-16 18:10:00,2024
"Yuba_2024-285","Releasepoint",278.318,"Yuba R",2024-05-16 18:10:00,2024
"Yuba_2024-286","Releasepoint",278.318,"Yuba R",2024-05-16 18:10:00,2024
"Yuba_2024-287","Releasepoint",278.318,"Yuba R",2024-05-16 18:10:00,2024
"Yuba_2024-288","Releasepoint",278.318,"Yuba R",2024-05-16 18:10:00,2024
"Yuba_2024-289","Releasepoint",278.318,"Yuba R",2024-05-16 18:10:00,2024
"Yuba_2024-290","Releasepoint",278.318,"Yuba R",2024-05-16 18:10:00,2024
"Yuba_2024-291","Releasepoint",278.318,"Yuba R",2024-05-16 18:10:00,2024
"Yuba_2024-292","Releasepoint",278.318,"Yuba R",2024-05-16 18:10:00,2024
"Yuba_2024-293","Releasepoint",278.318,"Yuba R",2024-05-16 18:10:00,2024
"Yuba_2024-294","Releasepoint",278.318,"Yuba R",2024-05-16 18:10:00,2024
"Yuba_2024-295","Releasepoint",278.318,"Yuba R",2024-05-16 18:10:00,2024
"Yuba_2024-296","Releasepoint",278.318,"Yuba R",2024-05-16 18:10:00,2024
"Yuba_2024-297","Releasepoint",278.318,"Yuba R",2024-05-16 18:10:00,2024
"Yuba_2024-298","Releasepoint",278.318,"Yuba R",2024-05-16 18:10:00,2024
"Yuba_2024-299","Releasepoint",278.318,"Yuba R",2024-05-16 18:10:00,2024
"Yuba_2024-300","Releasepoint",278.318,"Yuba R",2024-05-16 18:10:00,2024
"Yuba_2024-301","Releasepoint",278.318,"Yuba R",2024-05-16 18:10:00,2024
"Yuba_2024-302","Releasepoint",278.318,"Yuba R",2024-05-16 18:10:00,2024
"Yuba_2024-303","Releasepoint",278.318,"Yuba R",2024-05-16 18:10:00,2024
"Yuba_2024-304","Releasepoint",278.318,"Yuba R",2024-05-16 18:10:00,2024
"Yuba_2024-305","Releasepoint",278.318,"Yuba R",2024-05-16 18:10:00,2024
"Yuba_2024-305","Sacramento",166.8225,"Lower Sac R",2024-05-20 02:41:24,2024
"Yuba_2024-306","Releasepoint",278.318,"Yuba R",2024-05-16 18:10:00,2024
"Yuba_2024-307","Releasepoint",278.318,"Yuba R",2024-05-16 18:10:00,2024
"Yuba_2024-308","Releasepoint",278.318,"Yuba R",2024-05-16 18:10:00,2024
"Yuba_2024-309","Releasepoint",278.318,"Yuba R",2024-05-16 18:10:00,2024
"Yuba_2024-310","Releasepoint",278.318,"Yuba R",2024-05-16 18:10:00,2024
"Yuba_2024-311","Releasepoint",278.318,"Yuba R",2024-05-16 18:10:00,2024
"Yuba_2024-312","Releasepoint",278.318,"Yuba R",2024-05-16 18:10:00,2024
"Yuba_2024-313","Releasepoint",278.318,"Yuba R",2024-05-16 18:10:00,2024
"Yuba_2024-313","Sacramento",166.8225,"Lower Sac R",2024-05-18 18:34:35,2024
"Yuba_2024-314","Releasepoint",278.318,"Yuba R",2024-05-16 18:10:00,2024
"Yuba_2024-315","Releasepoint",278.318,"Yuba R",2024-05-16 18:10:00,2024
"Yuba_2024-316","Releasepoint",278.318,"Yuba R",2024-05-16 18:10:00,2024
"Yuba_2024-317","Releasepoint",278.318,"Yuba R",2024-05-16 18:10:00,2024
"Yuba_2024-318","Releasepoint",278.318,"Yuba R",2024-05-16 18:10:00,2024
"Yuba_2024-319","Releasepoint",278.318,"Yuba R",2024-05-16 18:10:00,2024
"Yuba_2024-320","Releasepoint",278.318,"Yuba R",2024-05-16 18:10:00,2024
"Yuba_2024-321","Releasepoint",278.318,"Yuba R",2024-05-16 18:10:00,2024
"Yuba_2024-322","Releasepoint",278.318,"Yuba R",2024-05-16 18:10:00,2024
"Yuba_2024-323","Releasepoint",278.318,"Yuba R",2024-05-16 18:10:00,2024
"Yuba_2024-324","Releasepoint",278.318,"Yuba R",2024-05-16 18:10:00,2024
"Yuba_2024-325","Releasepoint",278.318,"Yuba R",2024-05-16 18:10:00,2024
"Yuba_2024-326","Releasepoint",278.318,"Yuba R",2024-05-16 18:10:00,2024
"Yuba_2024-327","Releasepoint",278.318,"Yuba R",2024-05-16 18:10:00,2024
"Yuba_2024-328","Releasepoint",278.318,"Yuba R",2024-05-16 18:10:00,2024
"Yuba_2024-329","Releasepoint",278.318,"Yuba R",2024-05-16 18:10:00,2024
"Yuba_2024-330","Releasepoint",278.318,"Yuba R",2024-05-16 18:10:00,2024
"Yuba_2024-331","Releasepoint",278.318,"Yuba R",2024-05-16 18:10:00,2024
"Yuba_2024-332","Releasepoint",278.318,"Yuba R",2024-05-16 18:10:00,2024
"Yuba_2024-332","Sacramento",166.8225,"Lower Sac R",2024-05-20 05:32:57,2024
"Yuba_2024-333","Releasepoint",278.318,"Yuba R",2024-05-16 18:10:00,2024
"Yuba_2024-334","Releasepoint",278.318,"Yuba R",2024-05-16 18:10:00,2024
"Yuba_2024-334","Sacramento",166.8225,"Lower Sac R",2024-05-18 23:35:50,2024
"Yuba_2024-335","Releasepoint",278.318,"Yuba R",2024-05-16 18:10:00,2024
"Yuba_2024-336","Releasepoint",278.318,"Yuba R",2024-05-16 18:10:00,2024
"Yuba_2024-337","Releasepoint",278.318,"Yuba R",2024-05-16 18:10:00,2024
"Yuba_2024-338","Releasepoint",278.318,"Yuba R",2024-05-16 18:10:00,2024
"Yuba_2024-339","Releasepoint",278.318,"Yuba R",2024-05-16 18:10:00,2024
"Yuba_2024-340","Releasepoint",278.318,"Yuba R",2024-05-16 18:10:00,2024
"Yuba_2024-340","Sacramento",166.8225,"Lower Sac R",2024-05-22 03:15:29,2024
"Yuba_2024-341","Releasepoint",278.318,"Yuba R",2024-05-16 18:10:00,2024
"Yuba_2024-342","Releasepoint",278.318,"Yuba R",2024-05-16 18:10:00,2024
"Yuba_2024-343","Releasepoint",278.318,"Yuba R",2024-05-16 18:10:00,2024
"Yuba_2024-344","Releasepoint",278.318,"Yuba R",2024-05-16 18:10:00,2024
"Yuba_2024-345","Releasepoint",278.318,"Yuba R",2024-05-16 18:10:00,2024
"Yuba_2024-346","Releasepoint",278.318,"Yuba R",2024-05-16 18:10:00,2024
"Yuba_2024-347","Releasepoint",278.318,"Yuba R",2024-05-16 18:10:00,2024
"Yuba_2024-348","Releasepoint",278.318,"Yuba R",2024-05-16 18:10:00,2024
"Yuba_2024-349","Releasepoint",278.318,"Yuba R",2024-05-16 18:10:00,2024
"Yuba_2024-350","Releasepoint",278.318,"Yuba R",2024-05-16 18:10:00,2024
"Yuba_2024-351","Releasepoint",278.318,"Yuba R",2024-05-16 18:10:00,2024
"Yuba_2024-352","Releasepoint",278.318,"Yuba R",2024-05-16 18:10:00,2024
"Yuba_2024-353","Releasepoint",278.318,"Yuba R",2024-05-16 18:10:00,2024
"Yuba_2024-354","Releasepoint",278.318,"Yuba R",2024-05-16 18:10:00,2024
"Yuba_2024-355","Releasepoint",278.318,"Yuba R",2024-05-16 18:10:00,2024
"Yuba_2024-356","Releasepoint",278.318,"Yuba R",2024-05-16 18:10:00,2024
"Yuba_2024-357","Releasepoint",278.318,"Yuba R",2024-05-16 18:10:00,2024
"Yuba_2024-358","Releasepoint",278.318,"Yuba R",2024-05-16 18:10:00,2024
"Yuba_2024-358","Sacramento",166.8225,"Lower Sac R",2024-06-01 14:30:33,2024
"Yuba_2024-359","Releasepoint",278.318,"Yuba R",2024-05-16 18:10:00,2024
"Yuba_2024-360","Releasepoint",278.318,"Yuba R",2024-05-16 18:10:00,2024
"Yuba_2024-361","Releasepoint",278.318,"Yuba R",2024-05-16 18:10:00,2024
"Yuba_2024-361","Sacramento",166.8225,"Lower Sac R",2024-05-19 06:09:49,2024
"Yuba_2024-362","Releasepoint",278.318,"Yuba R",2024-05-16 18:10:00,2024
"Yuba_2024-363","Releasepoint",278.318,"Yuba R",2024-05-16 18:10:00,2024
"Yuba_2024-364","Releasepoint",278.318,"Yuba R",2024-05-16 18:10:00,2024
"Yuba_2024-365","Releasepoint",278.318,"Yuba R",2024-05-16 18:10:00,2024
"Yuba_2024-366","Releasepoint",278.318,"Yuba R",2024-05-16 18:10:00,2024
"Yuba_2024-367","Releasepoint",278.318,"Yuba R",2024-05-16 18:10:00,2024
"Yuba_2024-368","Releasepoint",278.318,"Yuba R",2024-05-16 18:10:00,2024
"Yuba_2024-369","Releasepoint",278.318,"Yuba R",2024-05-16 18:10:00,2024
"Yuba_2024-369","Sacramento",166.8225,"Lower Sac R",2024-05-25 21:41:14,2024
"Yuba_2024-370","Releasepoint",278.318,"Yuba R",2024-05-16 18:10:00,2024
"Yuba_2024-371","Releasepoint",278.318,"Yuba R",2024-05-16 18:10:00,2024
"Yuba_2024-372","Releasepoint",278.318,"Yuba R",2024-05-16 18:10:00,2024
"Yuba_2024-373","Releasepoint",278.318,"Yuba R",2024-05-16 18:10:00,2024
"Yuba_2024-374","Releasepoint",278.318,"Yuba R",2024-05-16 18:10:00,2024
"Yuba_2024-375","Releasepoint",278.318,"Yuba R",2024-05-16 18:10:00,2024
"Yuba_2024-376","Releasepoint",278.318,"Yuba R",2024-05-16 18:10:00,2024
"Yuba_2024-377","Releasepoint",278.318,"Yuba R",2024-05-16 18:10:00,2024
"Yuba_2024-378","Releasepoint",278.318,"Yuba R",2024-05-16 18:10:00,2024
"Yuba_2024-379","Releasepoint",278.318,"Yuba R",2024-05-16 18:10:00,2024
"Yuba_2024-380","Releasepoint",278.318,"Yuba R",2024-05-16 18:10:00,2024
"Yuba_2024-380","Sacramento",166.8225,"Lower Sac R",2024-05-23 05:14:00,2024
"Yuba_2024-381","Releasepoint",278.318,"Yuba R",2024-05-16 18:10:00,2024
"Yuba_2024-382","Releasepoint",278.318,"Yuba R",2024-05-16 18:10:00,2024
"Yuba_2024-383","Releasepoint",278.318,"Yuba R",2024-05-16 18:10:00,2024
"Yuba_2024-384","Releasepoint",278.318,"Yuba R",2024-05-16 18:10:00,2024
"Yuba_2024-385","Releasepoint",278.318,"Yuba R",2024-05-16 18:10:00,2024
"Yuba_2024-386","Releasepoint",278.318,"Yuba R",2024-05-16 18:10:00,2024
"Yuba_2024-387","Releasepoint",278.318,"Yuba R",2024-05-16 18:10:00,2024
"Yuba_2024-388","Releasepoint",278.318,"Yuba R",2024-05-16 18:10:00,2024
"Yuba_2024-389","Releasepoint",278.318,"Yuba R",2024-05-16 18:10:00,2024
"Yuba_2024-390","Releasepoint",278.318,"Yuba R",2024-05-16 18:10:00,2024
"Yuba_2024-391","Releasepoint",278.318,"Yuba R",2024-05-16 18:10:00,2024
"Yuba_2024-392","Releasepoint",278.318,"Yuba R",2024-05-16 18:10:00,2024
"Yuba_2024-393","Releasepoint",278.318,"Yuba R",2024-05-16 18:10:00,2024
"Yuba_2024-394","Releasepoint",278.318,"Yuba R",2024-05-16 18:10:00,2024
"Yuba_2024-395","Releasepoint",278.318,"Yuba R",2024-05-16 18:10:00,2024
"Yuba_2024-395","Sacramento",166.8225,"Lower Sac R",2024-05-19 18:49:01,2024
"Yuba_2024-396","Releasepoint",278.318,"Yuba R",2024-05-16 18:10:00,2024
"Yuba_2024-397","Releasepoint",278.318,"Yuba R",2024-05-16 18:10:00,2024
"Yuba_2024-398","Releasepoint",278.318,"Yuba R",2024-05-16 18:10:00,2024
"Yuba_2024-399","Releasepoint",278.318,"Yuba R",2024-05-16 18:10:00,2024
"Yuba_2024-399","Sacramento",166.8225,"Lower Sac R",2024-05-20 19:24:41,2024
"Yuba_2024-400","Releasepoint",278.318,"Yuba R",2024-05-16 18:10:00,2024
"Yuba_2024-401","Releasepoint",278.318,"Yuba R",2024-05-16 18:10:00,2024
"Yuba_2024-402","Releasepoint",278.318,"Yuba R",2024-05-16 18:10:00,2024
"Yuba_2024-403","Releasepoint",278.318,"Yuba R",2024-05-16 18:10:00,2024
"Yuba_2024-404","Releasepoint",278.318,"Yuba R",2024-05-16 18:10:00,2024
"Yuba_2024-404","Sacramento",166.8225,"Lower Sac R",2024-05-30 09:27:07,2024
"Yuba_2024-405","Releasepoint",278.318,"Yuba R",2024-05-16 18:10:00,2024
"Yuba_2024-406","Releasepoint",278.318,"Yuba R",2024-05-16 18:10:00,2024
"Yuba_2024-406","Sacramento",166.8225,"Lower Sac R",2024-05-19 00:26:35,2024
"Yuba_2024-406","Endpoint",61.815,"End",2024-05-20 12:30:47,2024
"Yuba_2024-407","Releasepoint",278.318,"Yuba R",2024-05-16 18:10:00,2024
"Yuba_2024-408","Releasepoint",278.318,"Yuba R",2024-05-16 18:10:00,2024
"Yuba_2024-409","Releasepoint",278.318,"Yuba R",2024-05-16 18:10:00,2024
"Yuba_2024-410","Releasepoint",278.318,"Yuba R",2024-05-16 18:10:00,2024
"Yuba_2024-411","Releasepoint",278.318,"Yuba R",2024-05-16 18:10:00,2024
"Yuba_2024-412","Releasepoint",278.318,"Yuba R",2024-05-16 18:10:00,2024
"Yuba_2024-413","Releasepoint",278.318,"Yuba R",2024-05-16 18:10:00,2024
"Yuba_2024-414","Releasepoint",278.318,"Yuba R",2024-05-16 18:10:00,2024
"Yuba_2024-415","Releasepoint",278.318,"Yuba R",2024-05-16 18:10:00,2024
"Yuba_2024-415","Sacramento",166.8225,"Lower Sac R",2024-05-29 14:02:44,2024
"Yuba_2024-416","Releasepoint",278.318,"Yuba R",2024-05-16 18:10:00,2024
"Yuba_2024-417","Releasepoint",278.318,"Yuba R",2024-05-16 18:10:00,2024
"Yuba_2024-418","Releasepoint",278.318,"Yuba R",2024-05-16 18:10:00,2024
"Yuba_2024-419","Releasepoint",278.318,"Yuba R",2024-05-16 18:10:00,2024
"Yuba_2024-420","Releasepoint",278.318,"Yuba R",2024-05-16 18:10:00,2024
"Yuba_2024-420","Sacramento",166.8225,"Lower Sac R",2024-05-19 19:30:47,2024
